School Name,G Overall,W Overall,L Overall,W-L% Overall,SRS Overall,SOS Overall,Conf. W,Conf. L,Home W,Home L,Away W,Away L,Points Tm.,Points Opp,Pace,ORtg,FTr,3PAr,TS%,TRB%,AST%,STL%,BLK%,eFG%,TOV%,ORB%,FT/FGA
Abilene Christian,20,10,10,0.5,-6.03,-1.53,2,5,8,1,2,6,1514,1374,72.1,104.9,0.309,0.353,0.549,49.5,59.7,13.2,8.1,0.523,16.6,29.4,0.214
Air Force,21,12,9,0.571,1.85,-1.01,3,5,9,5,3,4,1430,1370,63.6,105.8,0.329,0.456,0.573,47.7,65.2,9.7,12,0.544,16.3,22.8,0.236
Akron,20,14,6,0.7,3.51,-2.32,6,1,10,0,3,3,1424,1246,66.9,105.8,0.338,0.455,0.533,52.5,53.4,9.6,7,0.497,14.3,29.9,0.244
Alabama,20,18,2,0.9,23.03,8.58,8,0,10,0,6,0,1663,1374,73.9,109.8,0.406,0.473,0.558,54.6,53.2,7.9,11.5,0.518,16.6,34.3,0.295
Alabama A&M,20,7,13,0.35,-11.75,-4.04,3,4,7,6,0,6,1402,1484,71.6,97.3,0.286,0.32,0.522,45.4,51.7,12.1,12.1,0.498,18.6,28.9,0.189
Alabama State,20,6,14,0.3,-15.1,-3.05,4,3,4,1,1,13,1296,1513,70.3,91.7,0.309,0.319,0.464,48.4,45.9,7.9,8.7,0.417,16,31.6,0.23
Albany (NY),22,6,16,0.273,-13.93,-3.53,1,6,3,3,2,12,1476,1645,68.1,98.5,0.319,0.409,0.509,49.9,50.9,8.9,4.7,0.474,16.8,30.8,0.225
Alcorn State,19,9,10,0.474,-8.05,-1.84,6,1,4,1,4,8,1257,1375,68,94.7,0.339,0.286,0.476,49.6,41,10.9,6.4,0.43,16,34.9,0.245
American,20,13,7,0.65,-4.52,-6.92,5,4,6,2,7,5,1335,1287,63.3,104.9,0.291,0.386,0.585,51.3,56.3,11.7,12.1,0.559,19.8,27.2,0.212
Appalachian State,21,11,10,0.524,-1.38,-0.21,4,4,7,4,4,5,1542,1367,69.1,105,0.292,0.409,0.543,50.3,50.9,10.3,12.3,0.516,14.7,25.9,0.204
Arizona,20,17,3,0.85,18.96,7.61,6,3,11,1,2,2,1666,1439,74.1,112.3,0.394,0.382,0.589,55,66.6,8.4,9.7,0.555,16.9,33,0.288
Arizona State,20,15,5,0.75,11.78,5.83,6,3,8,3,4,2,1450,1331,69.2,104.1,0.333,0.392,0.526,50.4,58.4,10.1,14.4,0.495,15,31.5,0.228
Arkansas,20,14,6,0.7,16.47,6.42,3,5,11,1,0,4,1501,1300,70.9,105.3,0.386,0.281,0.549,53.6,48.5,12.7,12.7,0.514,16.2,31.1,0.271
Arkansas State,21,9,12,0.429,-9.31,-3.92,1,7,8,6,1,6,1391,1408,65.6,100.4,0.313,0.32,0.518,51.7,57.8,11.1,9.8,0.49,16.5,30.9,0.209
Arkansas-Pine Bluff,21,9,12,0.429,-11.36,-0.77,5,3,7,1,2,11,1367,1429,72,90.4,0.296,0.411,0.486,49.2,57.9,11.2,8.2,0.449,19.2,28.1,0.212
Army,22,11,11,0.5,-5.52,-6.57,5,4,6,4,5,4,1648,1551,68.3,109.1,0.313,0.395,0.588,53.3,49.8,7.6,5.6,0.566,17.1,27.1,0.219
Auburn,20,16,4,0.8,14.34,5.59,6,2,10,1,4,2,1443,1268,69,104.6,0.368,0.353,0.528,52.4,56.1,11.9,16,0.493,16.2,35.3,0.254
Austin Peay,21,8,13,0.381,-10.01,-1.59,2,6,6,5,1,7,1441,1493,67.3,101.4,0.279,0.374,0.524,48.2,53.7,10.3,8.6,0.486,15.8,29.4,0.214
Ball State,20,13,7,0.65,-0.57,-2.29,4,3,8,1,3,4,1501,1386,68.2,110,0.454,0.348,0.565,51.6,49.1,9.1,11.2,0.532,15.8,31.9,0.309
Baylor,20,15,5,0.75,17.87,7.77,5,3,9,2,3,2,1588,1386,68.9,114.4,0.4,0.451,0.573,53.9,59.6,10.7,8.3,0.533,15.6,37.4,0.297
,,,,,,,,,,,,,,,,,,,,,,,,,,,
,,,,,,,,,,,,,,,,,,,,,,,,,,,
Bellarmine,21,9,12,0.429,-6.74,-0.19,4,4,5,4,4,8,1372,1337,62.5,104.5,0.239,0.453,0.56,48.6,61.5,10.1,6.2,0.535,16.1,23.1,0.177
Belmont,22,16,6,0.727,2.1,-1.38,9,2,8,1,6,4,1643,1540,68.5,107.8,0.257,0.439,0.575,46.9,58.2,10.8,8.9,0.552,15.8,24.1,0.185
Bethune-Cookman,20,6,14,0.3,-18.52,-5.68,2,5,4,2,1,11,1357,1537,70,96.3,0.292,0.303,0.509,46.8,45.9,10.6,8.9,0.476,17,27.7,0.207
Binghamton,20,8,12,0.4,-12.77,-5.61,4,3,5,5,3,7,1364,1434,68,99.7,0.31,0.303,0.524,50.8,43,7.3,8.1,0.491,17.2,29.8,0.221
Boise State,21,16,5,0.762,14.87,4.57,6,2,9,1,3,3,1527,1285,67.9,106.4,0.287,0.376,0.553,53.9,44,7.5,8.3,0.525,14.9,27.3,0.208
Boston College,21,10,11,0.476,0.02,3.16,4,6,7,4,1,5,1393,1459,66.7,98.3,0.287,0.295,0.51,49.2,45.8,10.2,10.9,0.478,15.5,27.7,0.203
Boston University,22,10,12,0.455,-7.13,-4.75,3,6,6,3,4,7,1482,1487,66.9,99.5,0.279,0.403,0.511,51.3,46.9,9.6,7.7,0.475,15.6,29,0.206
Bowling Green State,20,10,10,0.5,-5.78,-4.72,4,3,6,4,4,6,1564,1527,71.4,109.5,0.321,0.363,0.557,51.8,52.7,8.2,9.1,0.521,14.4,30.1,0.241
Bradley,22,14,8,0.636,7.38,-0.72,7,4,11,1,3,5,1570,1366,67,105.9,0.284,0.403,0.553,52.4,50.3,11.3,12.4,0.532,16.3,29.2,0.189
Brigham Young,23,14,9,0.609,7.75,3.99,4,4,9,2,2,4,1731,1589,72.7,103,0.323,0.424,0.55,54.6,57.9,10.7,12.2,0.519,18.7,30.9,0.23
Brown,19,10,9,0.526,-2.88,-3.62,3,3,6,4,4,5,1289,1275,68.8,97.9,0.28,0.395,0.524,51.3,56.9,10.6,7.6,0.51,17,25.1,0.167
Bryant,20,13,7,0.65,-2.87,-3.15,4,3,7,2,5,4,1673,1506,74.8,111.2,0.36,0.406,0.582,53,50.7,9.4,9.5,0.546,15.9,29.6,0.271
Bucknell,22,8,14,0.364,-8.51,-6.42,1,8,4,6,2,8,1493,1492,66.9,100.3,0.285,0.379,0.547,52.1,56,8.2,9.1,0.517,18.1,26.4,0.207
Buffalo,20,10,10,0.5,-0.25,1.86,4,3,8,2,1,5,1606,1539,76,105,0.314,0.337,0.551,51.8,52.1,11.3,7.9,0.526,16.9,31.5,0.214
Butler,22,11,11,0.5,7.62,7.75,3,8,8,3,2,6,1494,1497,68.1,99.7,0.275,0.347,0.54,45.9,50.8,10.5,10.8,0.509,15.7,20.2,0.204
Cal Poly,20,7,13,0.35,-6.67,-0.61,1,7,6,4,1,9,1247,1308,65.4,94.8,0.299,0.36,0.523,51.7,46.5,8.3,7.7,0.484,19.7,27.6,0.226
Cal State Bakersfield,19,6,13,0.316,-9.41,-0.71,2,6,4,4,1,8,1108,1182,63.3,91.6,0.261,0.236,0.481,50.7,48.9,9.3,10.9,0.444,18.1,30.3,0.192
Cal State Fullerton,21,10,11,0.476,-0.01,0.47,4,5,8,1,2,8,1463,1399,66.6,101,0.359,0.375,0.525,49.3,45.7,10.1,8.1,0.493,16.2,29.4,0.244
Cal State Northridge,20,4,16,0.2,-8.96,-0.4,1,8,4,5,0,9,1280,1340,65.1,97.6,0.317,0.328,0.495,48.7,44.8,10.1,8.9,0.454,15.2,29.1,0.23
California,20,3,17,0.15,-0.65,6.8,2,7,3,10,0,5,1219,1368,63.8,94.9,0.328,0.321,0.508,48.8,47.1,7,9.7,0.466,18.3,26.9,0.243
,,,,,,,,,,,,,,,,,,,,,,,,,,,
,,,,,,,,,,,,,,,,,,,,,,,,,,,
California Baptist,21,13,8,0.619,2.88,-0.97,5,3,9,3,4,3,1438,1340,65,104.1,0.322,0.448,0.526,52.8,56.8,6.7,9,0.502,15.3,30.7,0.208
Campbell,21,9,12,0.429,-6.23,-4.02,4,5,4,5,4,6,1433,1419,65,103.7,0.38,0.396,0.552,50.4,52.3,10.2,8.3,0.517,16.7,25.7,0.269
Canisius,19,5,14,0.263,-8,-1.06,3,7,3,5,2,9,1321,1400,68.2,100,0.245,0.417,0.507,48.7,55.3,8.4,6.4,0.476,15.7,31.4,0.177
Central Arkansas,21,6,15,0.286,-13.98,-2.63,1,7,4,4,1,10,1529,1705,73.2,98.3,0.247,0.417,0.51,48.8,46.3,8.4,8.4,0.48,16.6,29,0.18
Central Connecticut State,21,5,16,0.238,-12,-6.62,3,4,3,5,2,10,1348,1461,66.4,96.7,0.188,0.385,0.503,48.2,51.8,10.1,11.2,0.482,16,26.1,0.133
Central Florida,20,13,7,0.65,11.89,5.24,4,4,9,3,2,3,1441,1308,65.1,106.7,0.302,0.41,0.542,52.6,54.8,9.6,12.5,0.504,17.1,36,0.231
Central Michigan,20,7,13,0.35,-9.28,-2.01,2,5,5,4,1,8,1342,1427,70.4,94.7,0.354,0.384,0.507,49.9,45.9,8.7,11.5,0.468,19.7,31.7,0.249
Charleston Southern,20,7,13,0.35,-7.76,-3.26,3,6,5,5,2,8,1510,1501,67.5,111.2,0.279,0.404,0.554,51.9,46,7.7,8.1,0.526,15.1,34.9,0.202
Charlotte,20,13,7,0.65,4.91,-1.94,4,5,8,1,3,5,1365,1228,62.5,107.8,0.25,0.394,0.581,51.8,55.1,9.2,8.5,0.557,16,24.3,0.186
Chattanooga,22,11,11,0.5,-1.18,-1.76,3,6,7,5,4,6,1720,1562,68.4,113.6,0.326,0.535,0.583,53.7,59,8.3,11.3,0.556,15.5,31.2,0.236
Chicago State,22,5,17,0.227,-9.19,-1.33,4,0,1,17,1475,1620,66.3,100.6,0.334,0.425,0.522,49.5,47.8,8,7.4,0.482,18,33.6,0.246,,
Cincinnati,21,14,7,0.667,10.65,3.25,5,3,10,3,3,2,1613,1422,70.4,109.1,0.25,0.392,0.542,52.6,54.3,8.8,10.7,0.52,13.4,31.4,0.173
Clemson,21,17,4,0.81,10.57,2.38,9,1,12,0,3,2,1561,1389,67.9,108.3,0.321,0.381,0.577,50.9,56.6,8,8.9,0.538,14.8,22.6,0.256
Cleveland State,21,12,9,0.571,-0.41,-3.89,7,3,6,3,6,6,1460,1368,65.1,105.6,0.303,0.288,0.521,50,48,11.1,8.2,0.491,14.1,34.2,0.21
Coastal Carolina,20,10,10,0.5,-7.69,-1.81,4,4,7,4,3,6,1515,1435,69,108.4,0.279,0.365,0.542,52.3,49.5,8.9,10.3,0.506,15,34.6,0.214
Colgate,22,15,7,0.682,1.18,-5.01,9,0,6,2,8,3,1722,1559,68.8,113.8,0.273,0.361,0.596,51.4,59,10.1,7.8,0.58,14,25.5,0.184
College of Charleston,22,21,1,0.955,8.05,-3.05,9,0,13,0,8,1,1761,1499,70.8,111.8,0.311,0.484,0.548,54.1,48.9,10.1,9,0.515,14.7,35.9,0.229
Colorado,21,12,9,0.571,12.27,6.6,4,6,9,2,1,5,1517,1398,71.3,101.3,0.329,0.333,0.529,53.7,50.3,11.4,9.9,0.501,17.4,32.6,0.22
Colorado State,21,10,11,0.476,5.97,4.27,2,6,7,4,2,5,1567,1490,67.6,108.4,0.298,0.41,0.592,47.1,67.1,9.3,8.3,0.567,15.1,17.3,0.217
Columbia,21,6,15,0.286,-14.27,-2.95,1,5,5,7,1,8,1412,1534,70,95,0.298,0.407,0.495,48.2,49.7,9.6,4.6,0.46,17.4,29.7,0.21
,,,,,,,,,,,,,,,,,,,,,,,,,,,
,,,,,,,,,,,,,,,,,,,,,,,,,,,
Connecticut,22,16,6,0.727,21.48,6.53,5,6,11,2,2,4,1745,1416,70.1,113.2,0.335,0.429,0.567,55.6,63.2,9.9,12.4,0.532,15.3,36,0.25
Coppin State,22,6,16,0.273,-12.75,-0.43,1,4,4,3,2,13,1616,1887,74.2,96.7,0.358,0.451,0.543,41.7,43.5,11,7,0.506,18,18.3,0.258
Cornell,19,14,5,0.737,3.93,-3.6,4,2,8,1,6,4,1617,1410,72.7,117,0.268,0.496,0.605,50.5,64.4,13.6,5.9,0.581,14.8,30.6,0.201
Creighton,20,12,8,0.6,18.32,8.92,6,3,9,1,1,4,1554,1366,70.7,109.9,0.282,0.411,0.571,52.4,57.1,7.8,10.4,0.544,14.1,25.7,0.208
Dartmouth,20,7,13,0.35,-8.38,-2.55,3,3,4,3,3,8,1404,1396,70.9,97.8,0.277,0.422,0.529,49.7,49.8,7.8,10.5,0.505,18.1,24.6,0.188
Davidson,20,10,10,0.5,1.26,1.15,3,5,5,4,3,5,1401,1376,67.1,102.4,0.344,0.361,0.54,48.2,52,8.6,4,0.501,15.4,24.7,0.254
Dayton,21,13,8,0.619,8.9,0.95,5,3,10,1,2,4,1434,1267,65.1,104.2,0.373,0.352,0.556,54.4,59.4,7.5,14.3,0.525,18.1,31,0.259
Delaware,21,11,10,0.524,-3,-1.8,3,5,7,3,2,7,1470,1470,67.7,102.9,0.326,0.367,0.537,47.8,49.3,10.6,11.9,0.503,15.1,25.5,0.234
Delaware State,18,2,16,0.111,-17.85,-1.47,1,4,1,4,1,12,1136,1367,68.3,91.8,0.268,0.311,0.499,48.2,52.1,9.7,8.6,0.471,20.2,29.5,0.183
Denver,22,12,10,0.545,-8.32,-5.52,3,6,6,3,4,7,1639,1662,69.1,105.4,0.455,0.241,0.576,53.6,43.4,7.7,8.9,0.543,18.9,30.3,0.317
DePaul,21,9,12,0.429,2.62,5.95,3,7,7,3,2,7,1503,1573,70.1,100.9,0.289,0.401,0.532,46.1,53.8,9.5,9.9,0.494,16.2,26,0.223
Detroit Mercy,21,8,13,0.381,-4.31,-1.86,4,6,5,3,3,9,1593,1614,67.6,110.9,0.274,0.444,0.548,50.2,45.8,8.1,5.1,0.515,14.2,33.5,0.207
Drake,22,16,6,0.727,5.46,-1.45,7,4,10,1,2,5,1624,1403,67.9,107.5,0.279,0.381,0.563,52.5,50.9,7.9,7.4,0.529,14.8,25.6,0.216
Drexel,20,12,8,0.6,-0.04,-4.88,6,2,9,2,2,4,1352,1220,63.9,104.4,0.248,0.406,0.522,52,48.8,9,7.8,0.5,14.3,31.4,0.167
Duke,20,14,6,0.7,13.97,6.07,5,4,10,0,1,4,1443,1285,66.5,108.4,0.306,0.359,0.53,56.1,55.9,8.8,11.9,0.489,15.3,38.4,0.236
Duquesne,21,14,7,0.667,4.16,-0.13,4,4,12,3,1,4,1554,1464,68,108.5,0.26,0.384,0.53,50.6,54.9,11.4,10.3,0.506,14.4,35.6,0.179
East Carolina,21,11,10,0.524,-1.57,-1.66,2,6,7,4,1,5,1457,1455,68.1,101.8,0.376,0.432,0.514,52.5,57.4,9.3,6.6,0.478,16.2,34.3,0.255
East Tennessee State,22,8,14,0.364,-5.93,-4.88,4,5,3,8,4,5,1531,1502,67.9,101.9,0.293,0.336,0.529,52.3,47.8,9.8,9.3,0.507,17.6,32.5,0.191
Eastern Illinois,21,7,14,0.333,-13.15,-4.68,3,5,5,5,2,8,1433,1482,71.4,95.5,0.356,0.288,0.503,46.6,56.6,12.5,9.7,0.476,16.7,26.2,0.223
Eastern Kentucky,21,13,8,0.619,-2.34,-0.12,6,2,9,1,3,6,1673,1529,74.5,107,0.249,0.396,0.525,51.5,54,12.2,12.7,0.508,14.4,34.4,0.157
,,,,,,,,,,,,,,,,,,,,,,,,,,,
,,,,,,,,,,,,,,,,,,,,,,,,,,,
Eastern Michigan,20,4,16,0.2,-12.37,-1.89,1,6,3,5,1,8,1445,1635,71.2,100.8,0.323,0.335,0.524,46.3,36.9,9.4,6.3,0.484,14.8,25.4,0.24
Eastern Washington,21,14,7,0.667,0.19,-1.36,8,0,7,1,5,5,1590,1483,69.8,108.5,0.296,0.435,0.584,53.8,55.6,8.3,10,0.554,18,29.5,0.224
Elon,20,2,18,0.1,-13.17,-1.62,0,7,2,6,0,10,1311,1462,68.6,95.6,0.306,0.417,0.509,46.8,52.7,10,6.2,0.474,16.7,25,0.219
Evansville,22,4,18,0.182,-13.71,-0.53,0,11,2,7,1,9,1363,1653,69.3,89.4,0.31,0.333,0.477,46.3,45.9,9.3,6.1,0.452,16.2,21.7,0.19
Fairfield,19,9,10,0.474,-5.26,-3.82,5,4,5,3,2,6,1230,1215,65.4,98.3,0.384,0.383,0.505,50.3,45,7.9,10.7,0.458,15.9,29.7,0.279
Fairleigh Dickinson,22,12,10,0.545,-11.42,-9.47,5,2,6,3,5,6,1720,1670,71,108.8,0.26,0.39,0.542,50.1,50.6,11.6,5.6,0.51,13.8,31.9,0.198
Florida,20,12,8,0.6,13.3,5.6,5,3,7,3,3,2,1455,1301,70.1,103.8,0.347,0.365,0.541,49.6,49.7,9.6,14.7,0.501,14.7,25.1,0.258
Florida A&M,18,3,15,0.167,-18.5,-0.37,1,6,3,2,0,13,1012,1286,66.4,84.1,0.298,0.328,0.465,46.1,46.4,9.8,9.3,0.432,21.7,28.8,0.196
Florida Atlantic,20,19,1,0.95,11.86,-0.53,9,0,11,0,8,1,1549,1268,68.5,112.3,0.294,0.436,0.573,54.8,54.7,10.2,6.5,0.55,15.4,31.7,0.205
Florida Gulf Coast,21,14,7,0.667,-0.53,-2.03,4,4,7,1,4,6,1475,1401,66.6,104.9,0.293,0.456,0.538,51.3,52.3,10.3,10.4,0.505,16,30.9,0.216
Florida International,20,9,11,0.45,-5.41,-0.69,3,6,8,4,1,7,1433,1492,71.4,99.1,0.286,0.376,0.544,46,46.5,12.1,12.4,0.52,18.8,25.2,0.196
Florida State,21,7,14,0.333,1.39,6.05,5,5,5,6,2,4,1455,1553,68.7,100.8,0.319,0.332,0.532,47.6,54.7,8.5,11.5,0.495,16.1,26.2,0.234
Fordham,20,16,4,0.8,1.15,-3.75,4,3,12,2,4,2,1442,1344,70.2,102.1,0.371,0.422,0.537,52,53.8,10,13.9,0.493,17.2,29.6,0.279
Fresno State,19,7,12,0.368,1.69,4.53,3,5,5,3,2,6,1158,1196,63.7,95.6,0.268,0.398,0.514,48.8,51.2,9.3,11,0.481,17.3,24.5,0.197
Furman,22,16,6,0.727,3.41,-3.12,7,2,9,2,5,2,1821,1606,71.1,115.2,0.303,0.462,0.598,51.8,60,9.9,8.2,0.569,14.8,28.2,0.23
Gardner-Webb,21,10,11,0.476,-3.19,-3.25,5,4,5,3,4,8,1496,1358,67.9,103.7,0.315,0.34,0.544,52.6,49.6,10.7,15.7,0.526,16.6,30,0.198
George Mason,21,12,9,0.571,3.39,0.73,4,4,10,1,1,5,1482,1426,68.1,103,0.344,0.398,0.558,52.9,57.3,6.5,9.6,0.54,18.4,28.6,0.217
George Washington,20,11,9,0.55,0.59,-0.88,5,2,9,3,2,3,1528,1473,69.6,109,0.354,0.415,0.576,49.7,47.6,7.9,8.8,0.54,15.7,26.4,0.267
Georgetown,21,6,15,0.286,-1.29,4.81,1,9,5,7,0,7,1519,1647,69.7,102.5,0.315,0.301,0.52,50.3,45.6,8.1,12.6,0.487,15.2,30.8,0.221
Georgia,20,13,7,0.65,5.54,2.24,3,4,10,1,1,5,1392,1326,68.4,101.8,0.37,0.372,0.524,53.3,49.3,9.4,7.8,0.481,17.4,33.7,0.271
,,,,,,,,,,,,,,,,,,,,,,,,,,,
,,,,,,,,,,,,,,,,,,,,,,,,,,,
Georgia Southern,21,12,9,0.571,-3.8,-2.08,5,3,8,4,3,5,1432,1370,66.9,101.3,0.239,0.34,0.513,51.3,38.7,11,9.1,0.493,14.5,29.4,0.157
Georgia State,20,9,11,0.45,-3.05,-1.28,2,6,9,5,0,6,1337,1285,67.3,98.7,0.306,0.325,0.502,52.4,45.5,8.1,10.7,0.463,16.4,33.3,0.225
Georgia Tech,20,8,12,0.4,2.21,5.52,1,9,7,5,1,5,1378,1411,68.3,100.2,0.237,0.354,0.502,49.7,52.6,8.7,10.7,0.476,14.5,30.7,0.164
Gonzaga,21,17,4,0.81,17.18,7.58,6,1,9,1,4,1,1817,1547,73.7,117.5,0.303,0.324,0.598,53.9,50.4,10.5,8.6,0.579,13.6,30.8,0.209
Grambling,19,12,7,0.632,-4.67,-4.85,5,2,6,0,5,6,1310,1223,70.1,98.4,0.398,0.281,0.525,52.3,52.9,10.9,12.1,0.496,19.4,32.5,0.257
Grand Canyon,20,13,7,0.65,6.22,1.77,4,3,10,2,2,3,1460,1272,65.9,109.4,0.332,0.415,0.551,53.3,48.6,7.9,7,0.517,15.4,33.8,0.242
Green Bay,21,2,19,0.095,-20.07,-2.17,1,9,2,6,0,11,1247,1623,66.4,89.5,0.354,0.394,0.506,43.3,50.7,7.4,6.6,0.465,20.1,22,0.251
Hampton,20,4,16,0.2,-15.16,-3.16,1,7,3,4,1,9,1367,1566,70.4,97.1,0.363,0.378,0.49,46.4,47.2,6.3,9.4,0.452,14.2,26.8,0.244
Hartford,22,5,17,0.227,-22.67,-7.88,5,6,0,9,1422,1558,67.1,96.3,0.254,0.4,0.517,48.5,54.2,9.6,10.6,0.496,18.2,27.1,0.167,,
Harvard,20,12,8,0.6,0.31,-2.08,3,3,5,3,6,4,1358,1293,67.6,99.2,0.301,0.387,0.527,53.7,54.6,11.1,11.5,0.504,18,31,0.197
Hawaii,20,15,5,0.75,4.23,-1.83,6,2,10,2,2,2,1363,1224,65.7,102.4,0.336,0.353,0.533,52.3,46.2,7.7,9.6,0.497,16.4,31,0.242
High Point,21,10,11,0.476,-9.19,-4.76,2,7,7,4,1,7,1608,1637,74.8,102.3,0.415,0.376,0.533,49.6,45,8.5,11.8,0.51,17.1,30.6,0.258
Hofstra,21,13,8,0.619,2.8,0.6,6,2,6,1,5,5,1528,1436,68.5,105.6,0.228,0.4,0.566,47.4,49.8,9.2,10.3,0.542,15.4,22.3,0.17
Holy Cross,22,7,15,0.318,-12.61,-5.06,4,5,5,6,2,7,1453,1556,68.5,95.8,0.247,0.333,0.514,46.4,47.8,10,7.7,0.497,16.2,22.5,0.155
Houston,21,19,2,0.905,25.29,4.1,7,1,11,2,6,0,1584,1139,64.5,116.9,0.259,0.361,0.554,55.5,51.3,13,18.2,0.531,12.8,38.6,0.181
Houston Christian,20,7,13,0.35,-16.87,-4.63,4,3,6,5,1,8,1574,1661,74.5,104.9,0.338,0.372,0.568,50.1,54.8,8.7,6.9,0.538,19.1,30.9,0.243
Howard,22,12,10,0.545,-7.02,-2.91,4,1,8,2,3,6,1616,1605,72.3,101.6,0.341,0.366,0.553,50.6,54.5,11.1,8.6,0.519,19.7,30.7,0.247
Idaho,21,8,13,0.381,-7.19,-4.08,2,6,5,5,3,8,1594,1505,68.1,110.8,0.349,0.385,0.583,49.4,46.5,7.6,4.6,0.55,14.9,23.9,0.259
Idaho State,20,7,13,0.35,-6.43,-2.6,4,3,5,4,2,8,1374,1394,66.7,101,0.313,0.439,0.542,47.3,49.7,9.2,7,0.508,15.8,23,0.229
Illinois,20,14,6,0.7,16.35,4.8,5,4,10,2,2,2,1517,1286,70.2,107.4,0.323,0.43,0.549,54,50.5,10.4,14.8,0.526,16.4,34.2,0.215
,,,,,,,,,,,,,,,,,,,,,,,,,,,
,,,,,,,,,,,,,,,,,,,,,,,,,,,
Illinois State,22,8,14,0.364,-5.54,-2.82,3,8,5,5,3,5,1451,1511,65.8,98.6,0.329,0.402,0.539,52.4,45.6,8.8,10.2,0.492,19.8,29.3,0.264
Illinois-Chicago,22,9,13,0.409,-8.08,-2.75,1,10,5,5,2,8,1466,1544,69.6,95.2,0.36,0.446,0.517,45.1,55.7,9.7,12.2,0.485,17,21.9,0.241
Incarnate Word,20,8,12,0.4,-16.09,-7.32,2,6,4,4,2,9,1414,1470,70.4,99.2,0.321,0.311,0.528,48.6,49.1,12.3,6.8,0.491,17.4,28.1,0.234
Indiana,20,14,6,0.7,15.79,4.79,5,4,10,1,3,4,1565,1345,70.4,111.2,0.301,0.292,0.58,53.7,55.2,8.3,15.8,0.558,15.5,29.4,0.209
Indiana State,22,13,9,0.591,3.1,-2.95,6,5,7,3,4,5,1705,1541,72.1,106.9,0.296,0.457,0.575,50.3,53.7,9.8,5,0.546,15.6,22.7,0.219
Iona,19,13,6,0.684,8.35,-0.66,6,2,6,1,2,3,1452,1281,70,108.4,0.264,0.32,0.537,49.9,53.6,10.5,16.1,0.508,13,31.3,0.192
Iowa,19,12,7,0.632,14.58,6.37,4,4,9,2,2,3,1553,1397,70.9,113.8,0.34,0.371,0.554,51.6,58.7,9.1,9,0.519,12.2,32.3,0.25
Iowa State,19,15,4,0.789,18.74,7.21,6,2,11,0,2,3,1350,1131,66.2,106.7,0.266,0.326,0.542,52,57.8,14.6,12.4,0.521,15.9,34.2,0.18
IUPUI,22,3,19,0.136,-20.28,-4.78,0,11,2,7,0,9,1389,1663,67.6,92.8,0.291,0.292,0.515,48.1,45.5,8.5,7.4,0.484,20.7,27.6,0.205
Jackson State,20,6,14,0.3,-11.72,-1.32,5,2,4,0,2,12,1320,1528,71.9,91.4,0.281,0.359,0.484,50.1,50.4,10.7,7.7,0.457,19.3,32.4,0.185
Jacksonville,19,11,8,0.579,-3.71,-0.71,4,4,7,1,4,7,1230,1162,62.8,103.1,0.234,0.396,0.555,52.8,58.2,9.1,9.4,0.53,17.3,26.3,0.174
Jacksonville State,21,8,13,0.381,-9.82,-1.82,1,7,6,3,1,9,1446,1488,66,103.7,0.304,0.431,0.538,51.6,52,9,8.8,0.511,16.6,30,0.209
James Madison,21,13,8,0.619,7.02,-2.04,4,4,6,2,5,5,1774,1417,73.5,112.3,0.38,0.358,0.577,53.5,45.4,14.2,6.7,0.548,16.1,34.4,0.267
Kansas,20,16,4,0.8,18.6,10.15,5,3,10,1,3,2,1518,1349,69.7,107.6,0.288,0.352,0.555,51.7,61.2,12.6,11.2,0.528,15.5,30.9,0.207
Kansas City,21,8,13,0.381,-5.45,-1.61,4,4,4,4,2,8,1394,1411,66.3,98.4,0.334,0.373,0.497,52.9,43.9,9.7,11.6,0.457,17.7,36.9,0.236
Kansas State,20,17,3,0.85,16.18,6.53,6,2,11,0,3,3,1556,1363,69.8,108.8,0.369,0.349,0.567,51.1,65.5,10.9,8.2,0.53,16.8,32.5,0.273
Kennesaw State,21,15,6,0.714,-1.61,-1.72,7,1,8,0,6,5,1569,1441,70,106.1,0.342,0.39,0.558,50.4,55.7,12.1,8.5,0.539,16.1,28,0.22
Kent State,20,16,4,0.8,8.82,-0.23,6,1,9,0,6,4,1505,1271,70.4,107,0.282,0.396,0.545,49,45.4,13.7,10.1,0.513,14.2,27.7,0.21
Kentucky,20,14,6,0.7,13.96,4.61,5,3,11,1,2,3,1514,1327,66.9,111.7,0.292,0.322,0.541,56.1,58,10.1,11.6,0.517,14.2,38.8,0.199
La Salle,20,8,12,0.4,-5.09,0.01,2,5,5,6,3,4,1360,1462,68.8,97,0.279,0.35,0.495,48.2,48.1,11,8.9,0.463,15.8,29.3,0.195
,,,,,,,,,,,,,,,,,,,,,,,,,,,
,,,,,,,,,,,,,,,,,,,,,,,,,,,
Lafayette,22,7,15,0.318,-5.93,-2.88,5,4,3,4,3,11,1361,1428,62.8,96.4,0.228,0.509,0.512,46.3,69.3,9.6,9.5,0.494,16,22.3,0.146
Lamar,20,6,14,0.3,-18.27,-5.27,2,5,5,5,0,8,1360,1515,68.9,97.5,0.323,0.31,0.504,50.4,54.5,9.5,10,0.472,18,34.4,0.219
Lehigh,20,12,8,0.6,-7.98,-4.82,7,2,7,2,5,6,1434,1394,71.1,100.8,0.27,0.36,0.551,49.5,51.1,9.3,6.9,0.522,16.7,21.1,0.198
Liberty,21,16,5,0.762,8.23,-2.05,7,1,11,1,3,3,1570,1229,65.6,113.9,0.25,0.53,0.595,52.2,67.8,10.2,6.9,0.575,14.7,25.4,0.181
Lindenwood,21,7,14,0.333,-14.67,-4.28,2,6,5,3,2,9,1426,1504,69.6,96.4,0.264,0.359,0.515,47.6,46.4,9.5,8.6,0.484,17,24.7,0.193
Lipscomb,21,13,8,0.619,-1.66,-4.27,5,3,10,1,3,7,1586,1423,69.6,107.9,0.252,0.39,0.568,53,50.3,7.9,7.3,0.545,16.2,29.2,0.183
Little Rock,21,6,15,0.286,-13.63,-5.95,2,6,6,3,0,12,1525,1631,72.7,99.9,0.337,0.323,0.518,48.6,53.3,9,5.8,0.481,16.4,29.2,0.241
Long Beach State,20,10,10,0.5,-0.32,0.96,4,4,5,3,3,6,1541,1490,73.5,102.3,0.299,0.232,0.514,54,49.8,10.1,9.6,0.489,15.7,35.2,0.196
Long Island University,20,2,18,0.1,-24.85,-2.58,0,8,2,7,0,10,1341,1625,73.9,90.8,0.333,0.277,0.496,46.8,57.4,9,8.3,0.468,19.1,26.1,0.211
Longwood,21,15,6,0.714,-0.31,-6.36,7,1,9,1,6,5,1586,1387,68.6,110.1,0.35,0.357,0.559,53.7,47.8,10.1,7.1,0.525,15.8,34.2,0.255
Louisiana,20,16,4,0.8,1.95,-1.88,6,2,7,0,7,4,1601,1416,70.4,112.9,0.348,0.332,0.583,54.7,53.9,10.1,8.9,0.561,15.8,33.7,0.238
Louisiana State,20,12,8,0.6,4.37,5.07,1,7,9,3,0,4,1330,1344,67,99.3,0.323,0.372,0.517,49.8,53.2,10.8,7.7,0.483,16.9,29.8,0.226
Louisiana Tech,20,11,9,0.55,0.95,0.42,4,5,7,3,3,6,1511,1385,69.5,106.6,0.306,0.428,0.564,51.8,51.1,11.8,7.8,0.536,17.4,30.6,0.222
Louisiana-Monroe,21,9,12,0.429,-8.8,-0.75,5,3,6,4,3,6,1459,1448,68.2,101.9,0.302,0.348,0.522,49.2,57,11.8,11.2,0.493,16.4,31.4,0.209
Louisville,20,2,18,0.1,-7.09,5.61,0,9,2,10,0,5,1250,1504,68.9,90.7,0.351,0.355,0.507,48.3,40.7,7.5,7.5,0.466,21.2,27,0.251
Loyola (IL),20,7,13,0.35,-5.39,0.01,1,7,5,4,1,5,1333,1441,67,98.3,0.306,0.403,0.56,49.6,55.3,8.3,8.6,0.537,21.5,26,0.209
Loyola (MD),22,7,15,0.318,-14.45,-4.95,2,7,4,5,2,9,1406,1522,66.7,95.8,0.267,0.389,0.522,48.4,55.7,11.4,7.8,0.508,19.5,27.9,0.162
Loyola Marymount,21,14,7,0.667,7.36,4.16,4,3,9,2,3,4,1592,1478,69.6,107.7,0.301,0.436,0.559,53.1,46,7.9,7.2,0.537,15.8,29.4,0.203
Maine,20,8,12,0.4,-7.87,-3.43,2,5,5,3,3,8,1403,1402,67.5,102.7,0.217,0.349,0.547,47.8,53.1,14.3,6.6,0.523,16.1,24.2,0.161
Manhattan,18,6,12,0.333,-10.96,-4.61,4,5,3,6,2,5,1229,1290,68.2,98.1,0.309,0.385,0.531,46.4,51.6,10.9,9.9,0.505,18.6,27.5,0.206
,,,,,,,,,,,,,,,,,,,,,,,,,,,
,,,,,,,,,,,,,,,,,,,,,,,,,,,
Marist,18,7,11,0.389,-9.65,-6.7,3,6,3,6,3,5,1128,1181,65.5,95,0.268,0.451,0.508,48.4,49.1,9.9,11,0.48,16.7,23.3,0.187
Marquette,21,16,5,0.762,17.86,6.58,8,2,11,1,4,3,1728,1491,70.2,115.1,0.267,0.403,0.594,47.5,59,13.3,10,0.574,14,27,0.192
Marshall,21,17,4,0.81,8.87,-2.88,6,2,12,1,5,3,1719,1458,72.3,112.6,0.221,0.359,0.545,52.3,57.8,12.2,13.6,0.532,13.4,35.8,0.141
Maryland,20,13,7,0.65,13.36,6.66,4,5,10,1,1,5,1408,1274,66.3,106.2,0.339,0.381,0.542,51.4,42.9,8.3,9.4,0.508,15.3,31.1,0.243
Maryland-Baltimore County,22,14,8,0.636,-3.3,-6.06,4,3,10,2,4,6,1699,1614,69,111.8,0.259,0.399,0.562,50.5,54.3,8.2,7.1,0.535,12.7,27.7,0.192
Maryland-Eastern Shore,19,11,8,0.579,-8.49,-1.8,4,1,7,0,4,8,1286,1275,69.7,96.4,0.252,0.386,0.517,48,52.3,15.2,5.4,0.491,18,28.9,0.176
Massachusetts,20,12,8,0.6,1.19,0.29,3,5,6,3,2,4,1427,1409,71.1,100.4,0.337,0.302,0.507,52.3,57.6,9.8,11.6,0.471,16.7,34.4,0.234
Massachusetts-Lowell,22,17,5,0.773,-0.9,-8.05,5,3,11,0,6,5,1726,1466,70.9,110,0.295,0.314,0.57,56.7,50.9,10.1,12.5,0.545,17.9,37.9,0.209
McNeese State,20,5,15,0.25,-11.95,-0.58,2,5,3,6,2,9,1360,1520,68,99.3,0.246,0.431,0.524,48.8,45.9,12.6,6,0.508,19.3,32.3,0.154
Memphis,20,15,5,0.75,12.4,5.35,5,2,9,0,3,4,1577,1436,72.9,106.9,0.356,0.281,0.555,49.9,55,12.6,15,0.517,15.8,31.5,0.264
Mercer,22,10,12,0.455,-6.04,-3.29,3,6,5,4,3,7,1542,1505,66,105,0.286,0.294,0.536,50.9,52.8,8.5,5.7,0.509,14.9,30.5,0.199
Merrimack,21,6,15,0.286,-14.02,-4.18,4,3,3,5,3,8,1203,1315,65.9,86.9,0.353,0.461,0.497,41.1,56.2,16.1,10.5,0.458,20.2,19,0.244
Miami (FL),20,16,4,0.8,12.26,3.56,7,3,11,0,4,3,1563,1389,68.2,113.9,0.304,0.363,0.574,51.4,52.5,11.1,9.6,0.542,14.5,33.6,0.231
Miami (OH),20,7,13,0.35,-8.73,-0.97,1,6,6,6,1,6,1486,1500,71,104.6,0.305,0.413,0.558,48.5,52.2,9.4,8.6,0.519,17.7,28.4,0.239
Michigan,19,11,8,0.579,10.55,5.81,5,3,8,2,1,3,1411,1321,69,106.2,0.327,0.371,0.539,49.9,48,7.4,11.9,0.511,12.7,25,0.224
Michigan State,20,13,7,0.65,12.99,9.19,5,4,8,2,3,3,1393,1317,65.7,104.7,0.253,0.324,0.538,53.1,58,7.1,8.1,0.508,14.5,28.2,0.189
Middle Tennessee,20,13,7,0.65,3.41,1.02,6,3,7,2,3,5,1394,1301,66.9,103,0.3,0.357,0.541,52.2,43.9,12,15.4,0.517,17.7,32.5,0.203
Milwaukee,20,14,6,0.7,-1.67,-2.55,8,2,10,2,4,4,1559,1385,71.6,107.4,0.319,0.382,0.568,52.5,50.4,9.6,16.2,0.537,17.9,33,0.233
Minnesota,19,7,12,0.368,0.88,5.62,1,8,5,7,1,4,1182,1272,65.3,94,0.296,0.365,0.494,47.5,58.8,7.7,10.1,0.476,16.6,25.6,0.175
Mississippi,20,9,11,0.45,7.1,6.25,1,7,6,6,1,4,1350,1333,66.9,100.3,0.304,0.343,0.512,52.3,52.1,10.5,12.5,0.484,16.9,34.2,0.205
,,,,,,,,,,,,,,,,,,,,,,,,,,,
,,,,,,,,,,,,,,,,,,,,,,,,,,,
Mississippi State,20,12,8,0.6,11.38,5.23,1,7,7,3,1,4,1297,1174,65.7,98.6,0.329,0.361,0.483,52.5,58.9,14.8,12.2,0.458,15.5,35.4,0.203
Mississippi Valley State,22,2,20,0.091,-18.86,-1.32,1,7,2,3,0,15,1260,1646,67.7,84.6,0.363,0.258,0.462,47.1,44.8,10.6,7.3,0.425,20.5,29.1,0.235
Missouri,20,15,5,0.75,11.75,4.4,4,4,11,2,2,3,1667,1520,72.7,113.9,0.314,0.422,0.586,45.4,57.4,15.6,9.5,0.554,14,28.2,0.238
Missouri State,21,11,10,0.524,2.01,0.61,7,4,7,3,3,5,1376,1313,63.6,101.9,0.276,0.444,0.524,52.5,48,10.7,13,0.506,17,32.5,0.172
Monmouth,20,1,19,0.05,-19.8,1.3,0,7,0,8,1,11,1148,1570,68.4,84,0.299,0.288,0.449,46.1,52.2,11.7,7.6,0.421,19.8,30,0.184
Montana,20,9,11,0.45,-0.23,-0.65,3,5,6,4,2,7,1383,1363,65.1,105.7,0.319,0.411,0.563,51.2,49.5,7.3,7.5,0.524,15.9,24.5,0.25
Montana State,21,13,8,0.619,2.41,-0.7,6,2,7,1,6,4,1580,1394,69.8,107.8,0.383,0.372,0.576,52.5,50,9.2,8.8,0.54,16,26.2,0.282
Morehead State,21,12,9,0.571,-10.13,-3.19,5,3,8,2,4,7,1504,1453,68.5,104.7,0.38,0.384,0.549,53.1,58,9,9,0.508,16.4,29.5,0.281
Morgan State,20,11,9,0.55,-7.89,-2.57,4,1,8,0,2,8,1584,1440,74,105.1,0.288,0.302,0.551,49.8,54.7,14,13.1,0.527,18.5,35.2,0.198
Mount St. Mary's,20,7,13,0.35,-8.13,-4.66,3,6,3,5,4,8,1241,1285,66,94.1,0.238,0.342,0.502,49.2,57.1,9.2,6.9,0.473,18.4,28.8,0.173
Murray State,21,11,10,0.524,-1.44,-0.99,6,5,7,1,2,8,1489,1461,67.3,104.2,0.34,0.329,0.533,51.5,46.4,8,8.4,0.494,14.6,29.1,0.249
Navy,21,11,10,0.524,-4.02,-4.52,4,5,6,3,5,7,1482,1433,65.5,106.5,0.222,0.387,0.556,51.6,55.6,9.3,7.8,0.539,16.3,30.3,0.152
NC State,21,16,5,0.762,13.1,3.44,6,4,11,1,2,3,1665,1462,71.1,110.9,0.291,0.383,0.546,51.6,48.4,12,12.2,0.515,12.2,30.4,0.213
Nebraska,21,10,11,0.476,6.65,8.41,3,7,7,3,2,6,1386,1423,66.9,97.5,0.27,0.363,0.514,50.3,52.7,8.4,7.1,0.495,16.7,27.8,0.17
Nevada,21,16,5,0.762,11.91,6.41,6,2,10,0,4,4,1554,1400,67,108.5,0.401,0.404,0.565,50.4,57.3,9.3,9.7,0.514,13.8,24.6,0.317
Nevada-Las Vegas,20,13,7,0.65,8.73,4.15,2,6,7,4,2,3,1528,1369,70.8,106.6,0.342,0.381,0.547,48.3,50.6,13.5,12.5,0.515,14.8,28.9,0.242
New Hampshire,19,9,10,0.474,-7.68,-5.85,4,3,6,3,3,7,1294,1250,65.6,103.2,0.272,0.416,0.512,50.5,51.3,7.7,6.2,0.483,12.8,28.3,0.191
New Mexico,21,18,3,0.857,13.82,3.52,5,3,13,1,4,2,1732,1487,72.8,111.2,0.401,0.273,0.574,53.7,50,9.6,11.3,0.537,14.5,29,0.292
New Mexico State,20,7,13,0.35,-1.41,3.36,0,8,4,4,1,7,1475,1423,71.3,103.5,0.326,0.386,0.536,51.6,46.9,10.6,7.3,0.507,15.6,29.8,0.224
New Orleans,18,6,12,0.333,-15.2,-4.7,3,4,5,5,1,7,1274,1432,73.1,95.9,0.367,0.308,0.543,47,59.3,8.7,5,0.513,21.2,25.7,0.25
,,,,,,,,,,,,,,,,,,,,,,,,,,,
,,,,,,,,,,,,,,,,,,,,,,,,,,,
Niagara,19,10,9,0.526,-6.81,-4.53,5,5,5,2,3,7,1225,1228,63.3,101.2,0.282,0.358,0.539,49,48.1,8.2,7.2,0.507,16.1,26.3,0.208
Nicholls State,19,10,9,0.526,-6.75,-0.12,6,2,7,0,3,8,1413,1348,73.2,101.5,0.275,0.365,0.525,48.7,50.4,12.6,9,0.508,16.2,30.8,0.17
NJIT,20,6,14,0.3,-10.72,-5.04,3,4,4,5,2,9,1344,1424,66.7,99.4,0.321,0.346,0.515,48,53.1,8.8,8.3,0.488,15,25.4,0.211
Norfolk State,20,13,7,0.65,-3.98,-2.79,3,2,6,1,4,6,1513,1379,68.3,110.5,0.33,0.375,0.571,52.9,52.3,9.7,12.9,0.539,15.9,33.5,0.243
North Alabama,21,11,10,0.524,-11.14,-4.25,3,5,5,2,5,8,1566,1555,70.3,105.4,0.306,0.33,0.547,50.7,42.8,8.6,8.9,0.524,14.8,26.3,0.205
North Carolina,21,15,6,0.714,14.41,7.22,7,3,10,0,2,4,1664,1513,70.1,109.7,0.416,0.356,0.555,53.4,47.2,8.7,9.1,0.51,13.6,29.3,0.308
North Carolina A&T,22,10,12,0.455,-7.95,-0.42,5,4,5,3,4,6,1593,1618,70.8,101.8,0.289,0.415,0.532,47.4,46,10.4,6.5,0.508,14.8,23.8,0.194
North Carolina Central,19,10,9,0.526,-3.44,-2.64,3,2,9,1,1,8,1459,1263,70.7,107.2,0.316,0.347,0.57,52.8,54.5,11.2,8.6,0.544,18.3,31.7,0.224
North Dakota,22,7,15,0.318,-8.81,-1.71,1,8,5,7,2,8,1518,1578,67.6,101.5,0.266,0.437,0.53,49.1,47.3,6.9,6.9,0.509,16.2,27.1,0.176
North Dakota State,21,8,13,0.381,-5.89,-0.42,5,4,4,4,4,7,1508,1546,69.5,103.4,0.315,0.416,0.543,50.9,44.6,6.1,7.3,0.517,15.4,25.1,0.214
North Florida,20,8,12,0.4,-9.23,-0.4,3,5,7,1,1,11,1486,1565,70.8,104.3,0.296,0.478,0.55,46.2,51,6.9,8,0.525,15.6,23.8,0.204
North Texas,21,16,5,0.762,7.64,1.75,7,3,6,2,6,2,1306,1158,59.7,104.1,0.309,0.428,0.518,53.9,51,11.1,9.4,0.484,16.3,36.3,0.221
Northeastern,19,8,11,0.421,-7.31,-3.31,4,4,4,4,3,6,1250,1326,67.7,96.5,0.263,0.378,0.513,52.7,54.2,8,10.3,0.491,18.9,32,0.172
Northern Arizona,21,5,16,0.238,-7.32,1.57,1,7,4,5,1,10,1500,1582,69.1,101.6,0.287,0.388,0.516,49.8,57.8,8.5,5,0.482,14.4,27.8,0.207
Northern Colorado,20,7,13,0.35,-6.5,1.35,2,6,2,6,3,7,1422,1572,69.3,101.2,0.314,0.426,0.539,47.1,48.5,7.5,3.4,0.503,16.2,23.5,0.235
Northern Illinois,20,8,12,0.4,-7.55,-1.05,4,3,3,3,4,8,1408,1505,71.4,98.6,0.332,0.373,0.54,47.1,43.9,10.1,6.9,0.514,18.9,25.6,0.223
Northern Iowa,21,12,9,0.571,-0.03,-1.63,8,3,8,4,3,3,1480,1392,68,103.7,0.33,0.382,0.55,51.1,46.1,10.1,4.8,0.523,16,25.1,0.225
Northern Kentucky,21,13,8,0.619,-1.79,-1.84,8,2,11,2,2,3,1416,1335,64.1,102.2,0.289,0.395,0.518,49.3,55.7,14.5,8.3,0.495,16,32.4,0.189
Northwestern,19,14,5,0.737,13.57,5.36,5,3,9,3,4,1,1316,1160,67.4,102.7,0.334,0.424,0.509,51.2,57.8,12.4,14.6,0.465,13.5,29.8,0.249
Northwestern State,20,12,8,0.6,-3.17,-2.54,4,3,5,2,6,6,1457,1458,68.6,104.9,0.259,0.396,0.513,47.3,46.5,12.2,5.6,0.487,14.6,33.9,0.179
,,,,,,,,,,,,,,,,,,,,,,,,,,,
,,,,,,,,,,,,,,,,,,,,,,,,,,,
Notre Dame,21,9,12,0.429,2.01,3.54,1,9,9,5,0,5,1480,1512,65.2,107.5,0.24,0.437,0.561,47.2,47.9,7.1,7.4,0.535,13.1,20.3,0.181
Oakland,21,9,12,0.429,-7.18,-0.83,7,3,5,3,4,6,1533,1595,69.3,103.4,0.296,0.406,0.537,44.6,47.4,10.2,6.6,0.502,13.6,23.4,0.221
Ohio,20,11,9,0.55,1.01,-1.04,3,4,9,1,2,7,1558,1450,69.8,110.9,0.262,0.375,0.553,52.3,47.2,9.3,6.6,0.527,14.3,32.9,0.19
Ohio State,20,11,9,0.55,16.66,6.51,3,6,8,2,1,5,1539,1336,67.7,112.2,0.28,0.306,0.555,53.4,44,7.7,10.6,0.526,13.7,33.7,0.206
Oklahoma,20,11,9,0.55,11.35,8.7,2,6,6,4,1,4,1345,1292,65,102.8,0.264,0.357,0.567,50.7,54.5,8.3,8.3,0.54,17.9,22.9,0.194
Oklahoma State,20,11,9,0.55,13.35,8.5,3,5,8,2,1,5,1363,1266,68.3,99.2,0.314,0.391,0.527,51.9,54.5,9,15.9,0.496,18.4,31.1,0.22
Old Dominion,20,11,9,0.55,0.33,-0.52,3,5,9,3,1,4,1360,1330,65.4,103.4,0.368,0.274,0.508,52.1,43.8,9.8,12.4,0.477,14.1,33.6,0.241
Omaha,21,7,14,0.333,-10.14,0.26,3,6,4,4,1,10,1442,1618,68.7,100,0.277,0.29,0.542,48.2,50.2,8.4,9.9,0.505,17.8,24.9,0.218
Oral Roberts,21,17,4,0.81,9.16,0.34,8,0,11,0,6,4,1768,1514,72.8,115.6,0.246,0.459,0.588,50.1,49.6,9.2,15.1,0.564,12.6,25.1,0.186
Oregon,20,11,9,0.55,12.77,8.87,5,4,8,4,2,3,1404,1326,66.9,104.9,0.336,0.41,0.539,53.4,52.5,9.3,13.9,0.51,16.3,32.9,0.23
Oregon State,20,8,12,0.4,0.24,4.24,2,7,7,3,1,6,1276,1335,66.3,96.3,0.333,0.369,0.534,48.4,51.2,8.2,9.7,0.495,18.6,23.3,0.247
Pacific,22,10,12,0.455,-1.58,0.22,3,4,4,9,6,3,1652,1670,70.6,105.2,0.34,0.385,0.551,46.2,45,8.1,7.8,0.52,15,24.5,0.241
Penn State,20,13,7,0.65,11.73,5.53,4,5,10,2,1,4,1462,1338,65.9,109.6,0.191,0.473,0.572,47.6,53.2,7.6,6.4,0.551,12,17.3,0.147
Pennsylvania,21,10,11,0.476,-1.06,-1.11,2,4,5,4,5,7,1536,1503,67.2,107,0.267,0.407,0.559,51.6,57.4,8.1,9.5,0.53,16.2,29.1,0.199
Pepperdine,21,7,14,0.333,1.19,5.13,0,7,6,5,0,8,1622,1660,74.1,103,0.274,0.355,0.555,49.5,51.3,7.9,9.8,0.534,17,25.5,0.186
Pittsburgh,21,14,7,0.667,9.74,3.5,7,3,9,3,5,2,1563,1432,68.6,108.5,0.308,0.455,0.562,52.1,55.6,7.8,11.1,0.528,15.5,30,0.231
Portland,22,11,11,0.5,2.01,3.61,3,4,9,4,1,6,1708,1692,72.1,107.7,0.423,0.453,0.582,48.6,62.9,6.7,6.1,0.546,16.6,24.4,0.307
Portland State,20,9,11,0.45,-3.66,1.06,3,4,4,2,4,7,1538,1467,72.4,106.2,0.344,0.383,0.549,47.9,52.9,10.8,9.2,0.51,15.5,28.2,0.257
Prairie View,21,7,14,0.333,-8.76,-2.97,3,5,5,2,2,11,1398,1466,70.4,93.4,0.314,0.313,0.478,51.5,43.1,11.4,9.4,0.443,16.9,33.7,0.213
Presbyterian,22,5,17,0.227,-12.18,-4.88,1,8,5,4,0,11,1433,1525,64.8,99,0.381,0.362,0.507,50.7,47.9,9.1,8.7,0.479,16.9,33.3,0.239
,,,,,,,,,,,,,,,,,,,,,,,,,,,
,,,,,,,,,,,,,,,,,,,,,,,,,,,
Princeton,19,14,5,0.737,3.95,-4.11,5,1,6,2,6,2,1439,1250,69.6,108,0.311,0.416,0.568,56.1,49.6,7.2,7.9,0.544,16.7,29.3,0.216
Providence,21,16,5,0.762,14.02,3.55,8,2,12,0,4,3,1655,1435,69.3,112.3,0.407,0.309,0.563,56.8,51.8,10.2,11.8,0.523,15.8,37.9,0.299
Purdue,20,19,1,0.95,19.41,5.66,8,1,9,1,6,0,1471,1196,64.2,113.9,0.363,0.391,0.56,58.3,60.8,7.4,11.3,0.517,14.3,38.9,0.278
Purdue-Fort Wayne,22,14,8,0.636,-2.48,-4.43,6,5,8,3,5,4,1653,1469,70.5,105.9,0.296,0.47,0.546,52.7,50.9,10.4,6.7,0.519,16.1,29.5,0.208
Queens (NC),21,13,8,0.619,-4.12,-5.85,3,5,6,2,5,6,1706,1577,71.2,114,0.335,0.449,0.572,54.3,53,9,6,0.544,15.3,34.1,0.24
Quinnipiac,20,15,5,0.75,1.39,-4.5,6,3,6,2,7,2,1457,1327,69.5,104.7,0.353,0.382,0.528,54.1,53.6,9,7.2,0.503,15.3,33.6,0.229
Radford,21,12,9,0.571,-0.44,-3.23,6,2,7,1,4,8,1512,1363,66.8,107.8,0.32,0.326,0.554,52.3,46.1,11,10.2,0.53,15.9,31.2,0.216
Rhode Island,20,7,13,0.35,-1.49,1.16,3,5,6,5,0,6,1347,1400,68.3,97.3,0.379,0.313,0.501,51.7,53.2,8.7,9.9,0.448,17.5,33.1,0.286
Rice,19,14,5,0.737,0.82,-1.06,5,3,9,2,5,3,1549,1399,71.9,110.4,0.353,0.415,0.594,53.2,60.4,8.3,5.4,0.564,16.9,27.1,0.259
Richmond,21,11,10,0.524,3.39,0.39,4,4,9,2,1,6,1448,1385,66.6,102.3,0.329,0.461,0.548,50,53.1,8.7,7.4,0.515,16,22.5,0.238
Rider,18,9,9,0.5,-4.04,-3.27,6,3,5,2,4,5,1246,1222,66.2,104.6,0.303,0.26,0.52,52.6,45.2,8.1,7.7,0.48,14.9,33.8,0.229
Robert Morris,21,9,12,0.429,-6.23,-3.92,4,6,5,2,4,7,1443,1397,67.8,101.3,0.259,0.36,0.532,50.5,53.8,9.6,9.5,0.507,17,28.3,0.181
Rutgers,20,14,6,0.7,18.32,5.37,6,3,12,2,2,3,1399,1140,66.9,103.9,0.304,0.302,0.515,53.7,59.3,14.3,13.3,0.476,14.9,34.1,0.226
Sacramento State,20,11,9,0.55,-2.71,-0.93,4,3,7,0,4,6,1347,1343,64.6,101.7,0.285,0.366,0.532,53.8,54.3,7.9,6.9,0.507,17.9,32.3,0.196
Sacred Heart,22,11,11,0.5,-12.53,-9.34,4,3,5,3,6,8,1554,1580,71.6,98.7,0.262,0.381,0.511,49.2,53,11.2,8.9,0.486,16.4,28.1,0.179
Saint Francis (PA),19,8,11,0.421,-10.98,-5.57,5,1,7,3,1,8,1396,1391,70,104.9,0.301,0.359,0.556,49.9,53.3,7.3,4.5,0.529,16.3,26.5,0.213
Saint Joseph's,20,9,11,0.45,-0.69,-0.34,3,5,7,4,2,4,1444,1451,69.7,102.3,0.333,0.454,0.531,49,51.8,9.4,9.1,0.502,16.6,29.4,0.227
Saint Louis,20,14,6,0.7,7.08,2.72,6,1,10,2,3,3,1538,1412,70.6,109,0.319,0.344,0.553,54,59.8,6.9,9.8,0.52,14.5,31,0.233
Saint Mary's (CA),22,18,4,0.818,20.63,5.97,7,0,12,2,3,0,1586,1258,64.6,111,0.283,0.376,0.557,56.5,49,11.5,9.6,0.538,14.3,33.5,0.187
Saint Peter's,20,8,12,0.4,-10.02,-4.81,3,8,6,4,2,8,1231,1283,64.1,95.5,0.251,0.354,0.463,53.5,47.9,10,10.5,0.433,16,38.3,0.171
,,,,,,,,,,,,,,,,,,,,,,,,,,,
,,,,,,,,,,,,,,,,,,,,,,,,,,,
Sam Houston State,20,15,5,0.75,8.71,1.58,5,3,7,1,6,4,1559,1188,68.8,112.6,0.271,0.377,0.568,55.3,50.3,13.9,8,0.549,16.2,36.6,0.183
Samford,22,14,8,0.636,0.69,-3.92,8,1,10,2,4,6,1723,1547,69.3,111,0.394,0.445,0.571,52.5,47.7,10.5,8.1,0.532,16,31.5,0.293
San Diego,21,9,12,0.429,-1.1,2.37,2,5,7,5,2,5,1638,1653,70.5,109.3,0.317,0.356,0.55,49.6,50.2,10.1,6.2,0.511,13.7,29.9,0.242
San Diego State,20,16,4,0.8,15.05,7.73,7,1,10,1,5,0,1511,1334,68.7,108.6,0.353,0.368,0.56,53.5,52.6,11.6,9.5,0.523,15.5,31.2,0.26
San Francisco,23,14,9,0.609,6.57,1.97,3,5,9,4,3,3,1724,1606,71,105.6,0.303,0.492,0.566,52.7,51.1,9.5,6.7,0.534,17.9,29,0.226
San Jose State,21,13,8,0.619,4.4,2.85,4,4,8,2,3,5,1438,1385,63.8,106.8,0.264,0.402,0.543,56.3,52.4,5.6,10.4,0.524,16,33.9,0.175
Santa Clara,22,16,6,0.727,9.18,5.85,4,3,11,3,2,2,1645,1562,70.8,105,0.296,0.369,0.539,54.4,49.9,8.5,9.9,0.507,15.9,32.2,0.215
Seattle,20,16,4,0.8,4.64,-0.14,7,0,9,0,6,2,1516,1343,71.5,105.4,0.317,0.466,0.533,53,51.7,8.3,8.4,0.5,14.7,30.9,0.225
Seton Hall,21,12,9,0.571,11.14,7.94,5,5,8,3,3,4,1443,1352,68.4,100.4,0.433,0.346,0.531,51.9,51.7,11.7,12.7,0.493,18.6,32.5,0.295
Siena,20,13,7,0.65,-1.22,-3.77,7,2,6,2,5,4,1398,1347,67,103.6,0.336,0.327,0.548,52.6,49.9,8,11.9,0.507,17.5,30.8,0.256
South Alabama,20,8,12,0.4,-1.42,0.8,2,6,5,3,1,8,1387,1360,68.2,101.1,0.193,0.392,0.531,46.2,43.7,8.5,9.9,0.516,13.9,20.4,0.127
South Carolina,20,8,12,0.4,-5.99,3.46,1,6,6,4,2,4,1272,1461,65.8,95.6,0.257,0.403,0.482,49.5,45.3,7.3,7.5,0.458,16.4,32.6,0.166
South Carolina State,21,3,18,0.143,-17.01,-2.81,0,5,2,3,1,15,1561,1792,73.7,99.7,0.286,0.31,0.501,48.8,50.3,9.6,9.2,0.471,16.5,34.1,0.195
South Carolina Upstate,20,9,11,0.45,-9.91,-3.46,4,5,7,1,2,10,1375,1409,68.7,99.5,0.351,0.333,0.543,46.3,45.3,10.6,13.3,0.521,18.2,25.5,0.225
South Dakota,20,9,11,0.45,-10.01,-2.51,4,4,6,4,1,6,1373,1451,66.9,102.6,0.277,0.412,0.544,50.1,49.6,7,4.3,0.51,16.9,27.4,0.212
South Dakota State,20,11,9,0.55,-1.63,1.27,6,2,6,1,3,7,1367,1393,69.3,98.1,0.294,0.409,0.543,47.8,44.9,7.6,8.1,0.501,17.3,19.6,0.236
South Florida,21,9,12,0.429,3.16,1.73,2,6,6,7,2,4,1512,1482,69.2,103.5,0.309,0.358,0.525,51.9,51.6,9.5,7.7,0.503,16.2,33.8,0.198
Southeast Missouri State,21,10,11,0.476,-6.51,-3.41,5,3,5,3,4,7,1572,1556,73.6,100.4,0.328,0.415,0.53,49.7,53.6,9.3,9.3,0.5,16.1,26.4,0.225
Southeastern Louisiana,20,11,9,0.55,-7.35,-2.77,5,2,7,2,3,6,1546,1536,70.7,107.3,0.329,0.379,0.548,49.2,50.7,10.2,4.6,0.512,15,29.3,0.244
Southern,20,10,10,0.5,-5.14,-2.53,6,1,5,0,4,9,1502,1467,75.2,99.3,0.317,0.386,0.545,46.9,58.9,12.2,6.9,0.513,17.8,23,0.227
,,,,,,,,,,,,,,,,,,,,,,,,,,,
,,,,,,,,,,,,,,,,,,,,,,,,,,,
Southern California,20,14,6,0.7,11.67,6.77,6,3,9,1,3,3,1425,1327,68.6,103.2,0.319,0.307,0.539,49.8,53,10.9,15,0.505,17,30.3,0.231
Southern Illinois,22,17,5,0.773,2.99,-1.97,9,2,10,1,6,3,1476,1335,65.8,101.4,0.298,0.484,0.564,49.5,57.8,12,5.9,0.533,18.1,21.9,0.221
SIU Edwardsville,21,14,7,0.667,-2.46,-4.74,5,3,7,3,5,4,1557,1438,69.8,106.2,0.402,0.374,0.544,51.3,51,10.1,12,0.499,15.9,32.4,0.298
Southern Indiana,21,12,9,0.571,-5.51,-5.23,5,3,8,1,3,8,1614,1514,71.6,106.7,0.339,0.425,0.555,54,51.3,11.2,6.9,0.531,17.6,33.4,0.227
Southern Methodist,20,7,13,0.35,0.44,4.34,2,5,4,7,1,5,1373,1451,69.9,97,0.302,0.338,0.503,48.3,51.4,9,9.7,0.471,15.7,27.4,0.209
Southern Mississippi,21,17,4,0.81,5.94,-2.06,6,2,10,0,5,4,1594,1342,69,110,0.294,0.36,0.547,53.7,54.4,13,8.6,0.52,14.7,35.2,0.208
Southern Utah,21,14,7,0.667,3.24,1.35,6,2,9,1,3,5,1806,1539,74.8,112.2,0.39,0.393,0.58,53.7,46.9,10.9,9.2,0.548,15.5,30.5,0.278
St. Bonaventure,21,10,11,0.476,-0.24,-0.34,4,4,9,2,0,7,1409,1407,66.8,99.9,0.299,0.359,0.517,49.8,48.9,10.6,10.9,0.485,16,29.5,0.211
St. Francis (NY),20,9,11,0.45,-17.65,-10.2,2,5,7,3,2,8,1305,1378,67.9,96.1,0.318,0.323,0.503,48.5,53.1,11.3,11.1,0.466,17.7,30.9,0.226
St. John's (NY),21,13,8,0.619,9.02,4.5,3,7,9,3,1,5,1631,1536,74,104.4,0.268,0.279,0.529,52.9,50.6,11.9,9.8,0.505,15.6,33,0.182
St. Thomas,22,13,9,0.591,-3.03,-3.93,4,5,9,0,2,9,1650,1549,66.6,112.6,0.326,0.421,0.574,48.7,49.6,9.2,5.9,0.535,13.5,26,0.256
Stanford,20,8,12,0.4,7.71,5.71,2,7,6,4,0,4,1362,1322,66.3,102.8,0.304,0.412,0.534,53,54.3,9.3,11.2,0.502,17.1,31.7,0.217
Stephen F. Austin,21,14,7,0.667,1.66,-1.29,6,2,9,2,4,2,1606,1405,71.1,106.9,0.368,0.294,0.57,51.1,57.2,13.5,7.6,0.536,18.9,33.5,0.267
Stetson,19,11,8,0.579,-2.03,-1.44,6,2,5,1,5,6,1459,1371,64.9,115.3,0.235,0.454,0.577,50,53.9,8.5,8.6,0.555,13.7,31.7,0.173
Stonehill,23,9,14,0.391,-12.86,-6.18,5,3,3,4,5,9,1541,1641,68.9,97.3,0.327,0.434,0.552,45.3,53.1,10.3,7.2,0.515,18.7,18.7,0.246
Stony Brook,20,7,13,0.35,-11.87,-2.7,3,4,5,4,2,8,1257,1360,64.7,97.1,0.307,0.481,0.526,49.5,54.5,7,6.6,0.487,17,22.3,0.23
Syracuse,21,13,8,0.619,7.57,2.38,6,4,9,4,3,3,1580,1471,68.3,108.8,0.287,0.29,0.553,50,54.1,11,17.1,0.523,14.5,31,0.211
Tarleton State,20,10,10,0.5,-2.35,2.59,3,4,8,0,0,9,1417,1354,69,102.6,0.457,0.25,0.529,49,49,13.6,8.7,0.49,15.4,29.7,0.308
TCU,20,16,4,0.8,17.82,4.37,5,3,10,2,2,2,1554,1285,71.6,108.5,0.37,0.291,0.544,51.9,57.6,12.4,13,0.508,14.4,34.5,0.263
Temple,22,13,9,0.591,5.27,4.18,7,2,7,5,5,2,1520,1496,67.3,100.9,0.357,0.437,0.535,49.9,56.2,7.1,10.3,0.488,17.5,28.5,0.277
,,,,,,,,,,,,,,,,,,,,,,,,,,,
,,,,,,,,,,,,,,,,,,,,,,,,,,,
Tennessee,20,17,3,0.85,25.15,4.8,7,1,9,1,4,1,1481,1074,67.5,109,0.32,0.404,0.545,55.4,67.2,14.3,14,0.51,16.3,38.3,0.235
Tennessee State,21,11,10,0.524,-10.33,-8.27,3,5,9,3,1,6,1628,1563,72.3,107.1,0.362,0.413,0.55,50.7,48.3,8.1,9.5,0.514,15,28.3,0.259
Tennessee Tech,21,9,12,0.429,-9.4,-3.57,5,3,7,3,2,9,1514,1517,68.5,101.6,0.244,0.412,0.529,48.7,55,9.5,6.2,0.505,15.6,26.9,0.17
Tennessee-Martin,21,13,8,0.619,-7.31,-6.13,5,3,10,1,3,7,1723,1552,74,109.6,0.325,0.386,0.56,52,49.6,11.2,8.8,0.528,14.4,30.3,0.236
Texas,20,17,3,0.85,20.05,6.35,6,2,12,1,3,1,1610,1336,71,112,0.309,0.347,0.573,51.6,56.4,11.3,11.6,0.541,14.8,30.3,0.232
Texas A&M,20,14,6,0.7,12.34,3.54,6,1,9,1,4,2,1495,1319,68,109.9,0.443,0.353,0.558,54.2,53.3,11,8.5,0.509,16,36.2,0.333
Texas A&M-Commerce,21,8,13,0.381,-10.48,-6.22,5,4,5,2,4,10,1466,1506,67.4,101.7,0.256,0.482,0.537,49.6,56.6,9.2,8.7,0.517,16.9,27.3,0.17
Texas A&M-Corpus Christi,20,11,9,0.55,-4.8,-5.86,4,3,8,1,2,7,1587,1466,73.2,107.7,0.296,0.369,0.546,51.7,55.9,12.9,5.1,0.511,15.7,32.8,0.225
Texas Southern,21,7,14,0.333,-9.04,-0.36,3,5,4,4,2,9,1455,1534,71.9,94.1,0.333,0.274,0.49,50.7,45.7,9.4,10.2,0.462,17.5,30.9,0.21
Texas State,21,10,11,0.476,-2.71,-0.88,3,5,2,7,6,3,1356,1362,65.9,98,0.345,0.265,0.504,50.9,41.4,10.6,10.4,0.466,15.7,30,0.242
Texas Tech,20,10,10,0.5,12.49,4.99,0,8,8,4,0,4,1489,1339,69.7,106.2,0.37,0.384,0.562,52.1,52.5,11.6,9.8,0.531,17.8,32.3,0.259
Texas-Rio Grande Valley,21,10,11,0.476,-8.71,-1.32,1,7,9,2,1,9,1681,1680,76,104.7,0.482,0.327,0.571,52.3,56.5,6.6,9.1,0.533,19.7,30.6,0.336
The Citadel,21,9,12,0.429,-10.22,-3.07,4,5,4,4,4,7,1459,1559,69.9,99.3,0.297,0.396,0.534,47.2,50.5,7.7,7.9,0.494,16.2,22,0.23
Toledo,21,15,6,0.714,5.04,-0.96,5,2,8,1,4,3,1790,1655,73,116.8,0.347,0.348,0.586,50.4,50.2,9.8,7.8,0.554,13.1,31.1,0.258
Towson,21,14,7,0.667,-0.93,-4.98,6,2,5,2,7,3,1442,1357,64.3,105.5,0.309,0.337,0.528,53.6,54.9,10,10.1,0.496,16.1,35.4,0.217
Troy,21,13,8,0.619,3.02,-1.2,5,3,7,2,5,5,1566,1359,70.2,105.6,0.312,0.42,0.543,50.7,54.7,12.5,8.5,0.512,16.3,31.2,0.222
Tulane,20,13,7,0.65,7.15,1.15,6,3,8,2,3,2,1626,1506,73.8,108.8,0.356,0.381,0.575,46.1,55.7,11.7,10.2,0.528,13,19,0.289
Tulsa,19,5,14,0.263,-5.04,1.7,1,7,4,5,0,7,1317,1445,69.9,97.8,0.234,0.423,0.518,46.2,48.3,8.4,4.7,0.5,16.9,26.2,0.153
UAB,21,13,8,0.619,8.5,0.2,4,5,10,2,1,4,1754,1531,73.1,111.6,0.387,0.308,0.55,54.3,53.8,11.3,11.1,0.507,15.2,37.7,0.288
UC Davis,20,12,8,0.6,0.16,-1.12,5,3,6,3,3,5,1513,1415,71.6,105.1,0.416,0.343,0.544,54.4,50.4,9.4,7.5,0.512,18.1,36.8,0.28
,,,,,,,,,,,,,,,,,,,,,,,,,,,
,,,,,,,,,,,,,,,,,,,,,,,,,,,
UC Irvine,19,13,6,0.684,6.22,1.16,6,1,6,3,5,3,1468,1274,70.8,109.1,0.291,0.312,0.561,53.9,50.9,10,6.8,0.539,15.4,31.2,0.199
UC Riverside,21,14,7,0.667,0.8,0.55,7,2,5,3,6,4,1516,1435,68,104.8,0.255,0.379,0.534,54.3,50.9,6.5,4.3,0.508,15.9,31.8,0.183
UC San Diego,20,7,13,0.35,-7.23,0.38,2,6,3,6,4,6,1352,1448,66.5,98.5,0.275,0.378,0.519,47.7,47.4,9,6.1,0.486,15.8,25.5,0.201
UC Santa Barbara,19,16,3,0.842,4.6,-3.99,7,1,8,1,6,2,1350,1175,65.9,107.1,0.341,0.305,0.574,54.2,54.4,11.2,7.7,0.545,17.6,30.1,0.243
UCLA,20,17,3,0.85,22.95,7.4,8,1,11,0,5,1,1507,1196,67.7,111.2,0.236,0.277,0.54,52.5,50.9,13.1,12.7,0.516,12.5,34.4,0.169
UNC Asheville,22,16,6,0.727,-3.34,-4.15,8,1,9,0,6,5,1640,1531,70.1,103.9,0.396,0.382,0.57,50,49.6,9.1,11.3,0.544,18.6,26.4,0.268
UNC Greensboro,22,14,8,0.636,0.87,-1.78,8,1,8,2,5,4,1550,1392,68,103,0.334,0.397,0.536,51.2,59.8,10.8,7.8,0.5,15.5,28.4,0.242
UNC Wilmington,22,16,6,0.727,-0.31,-2.56,6,3,7,2,6,4,1525,1384,65.1,106.4,0.391,0.352,0.541,52,46.3,9.9,9,0.501,15.1,31.8,0.28
UT Arlington,22,7,15,0.318,-6.18,2.13,2,7,4,6,2,6,1457,1474,67.5,98.2,0.336,0.323,0.487,52.9,53.4,9.5,9.3,0.455,16.4,36.7,0.22
Utah,21,14,7,0.667,13.84,2.84,7,3,11,2,3,3,1509,1308,67.4,106,0.315,0.345,0.546,53.3,57.2,8.1,11.9,0.517,16.1,31.6,0.221
Utah State,21,16,5,0.762,12.87,5.82,5,3,10,1,2,3,1687,1508,70,114.1,0.343,0.427,0.605,53,62.8,6.8,9.4,0.577,15.6,26.9,0.254
Utah Tech,20,10,10,0.5,-1.23,1.42,2,5,7,2,2,8,1513,1448,71.4,106,0.438,0.411,0.564,53.2,53.5,9.7,6.5,0.532,18.2,31.1,0.299
Utah Valley,21,16,5,0.762,6.53,0.81,7,1,8,1,7,3,1616,1414,70.9,106.7,0.351,0.352,0.552,51.8,59.2,9.6,15.5,0.514,15.7,29.7,0.26
UTEP,20,11,9,0.55,0.07,0.68,4,5,10,3,1,6,1393,1327,69.2,97.1,0.407,0.311,0.52,51.9,49.9,13,8.2,0.496,19,31.9,0.248
UTSA,21,7,14,0.333,-9.61,-0.24,1,9,7,7,0,7,1431,1575,68.7,97.9,0.353,0.404,0.514,48.4,47.5,5.5,6.3,0.47,17.3,28.8,0.261
Valparaiso,22,9,13,0.409,-8.27,-2.36,3,8,6,4,2,8,1506,1594,69.2,97.7,0.285,0.353,0.521,49.1,50.8,8.9,6.1,0.492,16.2,23.1,0.2
Vanderbilt,20,10,10,0.5,8.1,6.5,3,4,7,5,2,3,1443,1411,67.4,105.7,0.312,0.411,0.528,51.4,46.7,7.5,12.8,0.495,14.5,31.8,0.225
Vermont,21,11,10,0.524,-0.9,-1,5,2,5,1,5,6,1455,1415,65.8,103.8,0.278,0.422,0.547,48.4,50.1,8.7,7.2,0.524,14.3,20.5,0.191
Villanova,20,10,10,0.5,8.3,6,4,5,6,2,3,5,1414,1368,65.4,107.4,0.317,0.481,0.565,48.9,47.3,9,4,0.518,14.5,23.4,0.264
Virginia,18,15,3,0.833,15.65,5.59,7,2,9,1,4,2,1266,1085,63.1,111.5,0.379,0.395,0.566,50.6,67.4,10.7,14.9,0.533,12.8,25.8,0.269
,,,,,,,,,,,,,,,,,,,,,,,,,,,
,,,,,,,,,,,,,,,,,,,,,,,,,,,
Virginia Commonwealth,21,16,5,0.762,8.71,0.76,7,1,12,1,3,3,1501,1334,69.9,102.2,0.447,0.352,0.564,49.4,53,13.5,12.7,0.524,19.4,28.1,0.319
VMI,22,5,17,0.227,-14.08,-2.66,0,9,5,4,0,11,1554,1640,68,103.3,0.214,0.455,0.539,52,47.5,8.6,4.4,0.513,17.5,31.7,0.16
Virginia Tech,20,12,8,0.6,11.31,4.56,2,7,9,2,0,6,1457,1322,66.7,108.6,0.242,0.379,0.556,50.9,53.8,7.7,9.3,0.53,13.4,26.6,0.179
Wagner,18,11,7,0.611,-9.38,-8.75,4,3,6,2,5,5,1169,1115,64.7,99.7,0.243,0.375,0.49,53.2,53.8,11.3,6,0.465,15.2,34.5,0.163
Wake Forest,21,14,7,0.667,8.93,4.21,6,4,10,1,3,4,1626,1527,69.8,109.6,0.341,0.43,0.58,50.7,48.2,9.3,6.9,0.55,15.4,25.9,0.249
Washington,21,12,9,0.571,7.23,6.94,4,6,9,4,1,5,1467,1461,69.3,99.7,0.304,0.364,0.53,47.9,47.2,10.3,15.2,0.493,17.4,27.4,0.228
Washington State,21,9,12,0.429,10.85,7.95,4,6,6,2,2,6,1429,1368,64.3,105.2,0.285,0.426,0.537,52.3,47.9,7.4,7.1,0.508,16.8,32.9,0.204
Weber State,20,10,10,0.5,-3.1,-0.38,5,2,6,2,3,6,1323,1332,67,98.7,0.346,0.392,0.552,49.8,48.9,8.7,4.7,0.506,18.4,20.9,0.274
West Virginia,20,12,8,0.6,16,7.8,2,6,8,3,2,4,1539,1375,69.8,109.5,0.422,0.357,0.56,53.1,50.2,9,8.2,0.523,15.8,34.7,0.298
Western Carolina,22,11,11,0.5,-7.41,-4.35,4,5,6,4,3,7,1647,1527,69,107.2,0.329,0.443,0.538,52.4,49.7,8.4,6.7,0.505,13.8,29.3,0.235
Western Illinois,20,12,8,0.6,-5.75,-4.05,5,4,9,2,3,6,1500,1432,70.5,106.3,0.371,0.375,0.557,50.4,53.3,8.7,9.3,0.521,14.9,26.2,0.269
Western Kentucky,20,11,9,0.55,-0.99,-0.99,3,6,5,4,4,4,1468,1384,68.7,106.2,0.304,0.377,0.551,47.7,54,9,16.2,0.522,14.2,24.7,0.218
Western Michigan,20,6,14,0.3,-7.8,0.08,2,5,5,3,1,10,1429,1462,66.9,106.8,0.264,0.399,0.541,55.4,50.8,7,6.4,0.513,16.3,35.3,0.193
Wichita State,20,10,10,0.5,4.1,2.2,3,5,6,5,3,3,1350,1312,67.2,99.3,0.296,0.391,0.513,50,46.5,8.8,12,0.479,15.3,28.4,0.211
William & Mary,21,8,13,0.381,-8.57,-0.36,3,5,7,4,1,9,1437,1483,66.5,102.9,0.317,0.352,0.522,51.3,50,9.6,5.6,0.496,15.9,32,0.209
Winthrop,22,9,13,0.409,-7.77,-2.42,4,5,7,3,1,9,1584,1622,68,105.9,0.38,0.46,0.58,47.4,50.2,8.6,8.9,0.545,19,27.9,0.281
Wisconsin,19,12,7,0.632,9.76,7.39,4,5,7,2,2,4,1250,1205,63.5,101.6,0.247,0.41,0.519,47,50.4,10.3,4.9,0.497,12.4,21.6,0.164
Wofford,22,12,10,0.545,-3.51,-2.82,4,5,9,3,3,7,1642,1530,67.4,110.8,0.27,0.401,0.565,52.7,47.1,9,5.7,0.535,14.3,30.4,0.204
Wright State,21,11,10,0.524,-3.53,-4.64,4,6,4,6,5,3,1670,1554,72.6,107.7,0.23,0.258,0.567,52.2,48.3,9,7.4,0.546,15.9,28.3,0.166
Wyoming,20,6,14,0.3,1.3,4.98,1,7,5,5,0,4,1402,1439,66.7,104.4,0.327,0.454,0.554,49.2,46.8,7.1,6.3,0.531,15.3,23,0.219
,,,,,,,,,,,,,,,,,,,,,,,,,,,
,,,,,,,,,,,,,,,,,,,,,,,,,,,
Xavier,21,17,4,0.81,16.51,8.03,9,1,11,1,5,1,1764,1586,74.1,113.4,0.325,0.297,0.59,54.3,67.6,9.5,9.5,0.563,15.8,31.8,0.237
Yale,19,13,6,0.684,5.66,-2.81,3,3,7,1,4,5,1423,1167,67.5,110.3,0.278,0.37,0.557,55.6,53.9,9.2,12.5,0.535,15,31.9,0.191
Youngstown State,21,15,6,0.714,2.44,-5.88,7,3,7,2,7,4,1774,1536,70.6,118.3,0.305,0.353,0.599,53,50.6,11,6.8,0.566,14.5,33.3,0.241
