School Name,G Overall,W Overall,L Overall,W-L% Overall,SRS Overall,SOS Overall,Conf. W,Conf. L,Home W,Home L,Away W,Away L,Points Tm.,Points Opp,Pace,Opp. ORtg,Opp. FTr,Opp. 3PAr,Opp. TS%,Opp. TRB%,Opp. AST%,Opp. STL%,Opp. BLK%,Opp. eFG%,Opp. TOV%,Opp. ORB%,Opp. FT/FGA
Abilene Christian,20,10,10,.500,-6.09,-1.59,2,5,8,1,2,6,1514,1374,72.1,95.2,.472,.324,.560,50.5,52.8,8.5,8.9,.514,23.4,26.6,.343
Air Force,21,12,9,.571,1.85,-1.01,3,5,9,5,3,4,1430,1370,63.6,101.3,.354,.317,.519,52.3,41.9,8.0,9.5,.473,15.3,29.7,.265
Akron,20,14,6,.700,3.47,-2.36,6,1,10,0,3,3,1424,1246,66.9,92.6,.252,.339,.499,47.5,49.0,8.5,10.5,.470,17.6,24.6,.177
Alabama,19,17,2,.895,23.53,8.48,7,0,9,0,6,0,1597,1311,74.2,90.7,.309,.309,.452,45.3,41.8,9.5,12.1,.409,13.7,27.7,.217
Alabama A&M,20,7,13,.350,-11.71,-4.00,3,4,7,6,0,6,1402,1484,71.6,103.0,.372,.419,.547,54.6,55.1,10.8,9.1,.515,19.8,37.9,.258
Alabama State,20,6,14,.300,-15.10,-3.05,4,3,4,1,1,13,1296,1513,70.3,107.0,.335,.351,.529,51.6,47.0,9.8,14.2,.500,14.3,33.7,.226
Albany (NY),21,6,15,.286,-13.26,-3.31,1,5,3,3,2,11,1411,1561,68.0,109.2,.398,.305,.574,50.0,54.0,9.6,11.1,.545,16.1,28.2,.275
Alcorn State,19,9,10,.474,-8.03,-1.82,6,1,4,1,4,8,1257,1375,68.0,103.6,.438,.383,.547,50.4,57.8,7.8,10.1,.512,18.2,33.4,.298
American,19,12,7,.632,-4.53,-6.96,4,4,5,2,7,5,1272,1226,63.3,101.3,.337,.342,.537,48.7,50.1,11.8,7.4,.504,16.8,27.4,.239
Appalachian State,21,11,10,.524,-1.38,-0.21,4,4,7,4,4,5,1542,1367,69.1,93.1,.247,.402,.493,49.7,51.7,8.8,5.7,.464,17.3,26.8,.174
Arizona,20,17,3,.850,18.91,7.56,6,3,11,1,2,2,1666,1439,74.1,97.0,.245,.387,.492,45.0,49.1,11.9,8.3,.466,14.5,27.0,.168
Arizona State,20,15,5,.750,11.74,5.79,6,3,8,3,4,2,1450,1331,69.2,95.5,.313,.385,.487,49.6,54.2,9.3,9.3,.449,16.9,31.7,.221
Arkansas,20,14,6,.700,16.51,6.46,3,5,11,1,0,4,1501,1300,70.9,91.2,.380,.325,.509,46.4,43.4,9.0,7.1,.468,20.0,24.7,.265
Arkansas State,21,9,12,.429,-9.31,-3.92,1,7,8,6,1,6,1391,1408,65.6,101.6,.345,.347,.540,48.3,50.8,9.5,9.3,.502,16.9,26.3,.254
Arkansas-Pine Bluff,21,9,12,.429,-11.38,-0.79,5,3,7,1,2,11,1367,1429,72.0,94.5,.381,.363,.526,50.8,62.7,12.2,10.3,.487,20.5,27.1,.268
Army,21,11,10,.524,-5.49,-6.70,5,3,6,4,5,3,1587,1488,68.5,102.8,.278,.394,.542,46.6,51.5,10.7,7.9,.515,14.6,23.2,.197
Auburn,19,16,3,.842,15.35,5.30,6,1,10,0,4,2,1380,1189,69.1,90.5,.364,.328,.468,47.3,44.2,10.7,9.3,.426,17.2,31.4,.248
Austin Peay,21,8,13,.381,-9.91,-1.49,2,6,6,5,1,7,1441,1493,67.3,105.1,.337,.345,.566,51.8,54.8,9.4,7.5,.533,18.7,30.4,.246
Ball State,20,13,7,.650,-0.69,-2.42,4,3,8,1,3,4,1501,1386,68.2,101.5,.290,.324,.524,48.4,37.6,8.7,8.0,.492,15.8,29.3,.207
Baylor,20,15,5,.750,17.88,7.78,5,3,9,2,3,2,1588,1386,68.9,99.9,.331,.386,.536,46.1,60.6,9.3,9.1,.502,18.4,29.6,.236


Bellarmine,21,9,12,.429,-6.72,-0.16,4,4,5,4,4,8,1372,1337,62.5,101.8,.285,.532,.553,51.4,62.5,8.5,7.8,.524,18.4,26.9,.208
Belmont,21,15,6,.714,2.58,-0.62,8,2,8,1,5,4,1570,1476,68.4,101.5,.305,.335,.530,53.5,47.4,8.7,11.5,.504,17.3,32.4,.205
Bethune-Cookman,20,6,14,.300,-18.46,-5.63,2,5,4,2,1,11,1357,1537,70.0,109.1,.329,.414,.567,53.2,56.6,10.6,8.8,.528,16.8,32.8,.254
Binghamton,19,8,11,.421,-12.02,-5.91,4,2,5,4,3,7,1309,1354,68.3,103.7,.341,.359,.535,49.3,43.4,11.3,8.6,.496,15.3,28.8,.252
Boise State,21,16,5,.762,14.87,4.57,6,2,9,1,3,3,1527,1285,67.9,89.5,.269,.345,.477,46.1,41.9,7.7,8.2,.447,16.1,21.9,.182
Boston College,20,9,11,.450,-0.08,3.72,3,6,6,4,1,5,1318,1394,66.8,103.0,.272,.396,.543,51.0,49.8,10.1,7.2,.520,16.9,28.5,.186
Boston University,22,10,12,.455,-7.23,-4.85,3,6,6,3,4,7,1482,1487,66.9,99.9,.356,.392,.532,48.7,50.5,9.3,13.6,.498,16.5,24.6,.247
Bowling Green State,20,10,10,.500,-5.73,-4.68,4,3,6,4,4,6,1564,1527,71.4,106.9,.307,.379,.545,48.2,50.5,8.4,8.8,.512,14.0,27.2,.224
Bradley,21,13,8,.619,8.02,-0.28,6,4,10,1,3,5,1491,1291,67.0,91.8,.297,.382,.499,46.8,50.8,10.5,7.5,.457,18.1,23.9,.225
Brigham Young,23,14,9,.609,7.77,4.01,4,4,9,2,2,4,1731,1589,72.7,94.6,.366,.379,.521,45.4,50.7,11.2,7.5,.488,18.0,22.2,.249
Brown,19,10,9,.526,-3.14,-3.88,3,3,6,4,4,5,1289,1275,68.8,96.9,.252,.356,.534,48.7,49.4,10.2,9.7,.509,17.8,21.4,.176
Bryant,20,13,7,.650,-2.88,-3.16,4,3,7,2,5,4,1673,1506,74.8,100.1,.292,.401,.524,47.0,56.6,9.4,7.1,.495,15.8,25.6,.203
Bucknell,21,8,13,.381,-7.87,-6.48,1,7,4,5,2,8,1447,1429,67.0,100.4,.280,.402,.513,47.3,57.7,11.7,8.7,.492,13.8,25.0,.178
Buffalo,20,10,10,.500,-0.18,1.93,4,3,8,2,1,5,1606,1539,76.0,100.6,.381,.360,.531,48.2,52.5,9.1,7.5,.495,17.3,28.5,.266
Butler,21,11,10,.524,8.26,7.40,3,7,8,3,2,5,1436,1418,68.1,99.1,.208,.330,.515,53.7,51.9,10.0,9.1,.492,16.4,29.7,.148
Cal Poly,20,7,13,.350,-6.65,-0.59,1,7,6,4,1,9,1247,1308,65.4,99.5,.376,.369,.530,48.3,48.7,9.7,9.4,.493,16.8,24.9,.263
Cal State Bakersfield,19,6,13,.316,-9.43,-0.73,2,6,4,4,1,8,1108,1182,63.3,97.7,.367,.432,.520,49.3,53.5,9.4,6.8,.486,18.0,28.3,.251
Cal State Fullerton,21,10,11,.476,-0.08,0.39,4,5,8,1,2,8,1463,1399,66.6,96.6,.338,.389,.517,50.7,49.2,9.7,9.7,.479,19.0,30.4,.243
Cal State Northridge,20,4,16,.200,-8.97,-0.41,1,8,4,5,0,9,1280,1340,65.1,102.2,.396,.401,.530,51.3,53.7,7.9,6.9,.483,16.5,30.2,.294
California,20,3,17,.150,-0.58,6.87,2,7,3,10,0,5,1219,1368,63.8,106.5,.317,.380,.549,51.3,52.3,8.8,10.5,.518,14.7,29.2,.226


California Baptist,20,12,8,.600,2.86,-0.77,4,3,9,3,3,3,1364,1274,65.0,96.8,.287,.332,.502,47.2,43.6,8.4,8.3,.467,14.6,24.7,.207
Campbell,20,8,12,.400,-6.50,-3.73,3,5,4,5,3,6,1361,1355,65.0,102.9,.300,.411,.558,49.2,49.6,10.0,11.3,.533,17.1,24.5,.208
Canisius,19,5,14,.263,-7.98,-1.03,3,7,3,5,2,9,1321,1400,68.2,106.0,.291,.305,.554,51.3,51.3,9.8,11.3,.526,16.9,31.4,.207
Central Arkansas,21,6,15,.286,-13.92,-2.57,1,7,4,4,1,10,1529,1705,73.2,109.6,.313,.369,.564,51.2,48.8,10.8,8.4,.540,14.9,29.4,.215
Central Connecticut State,21,5,16,.238,-11.97,-6.59,3,4,3,5,2,10,1348,1461,66.4,104.8,.277,.384,.551,51.8,59.1,10.4,8.2,.518,15.9,27.8,.210
Central Florida,19,13,6,.684,11.80,4.22,4,3,9,2,2,3,1370,1226,65.3,95.1,.313,.398,.502,46.9,52.3,9.9,9.0,.461,18.0,30.6,.230
Central Michigan,20,7,13,.350,-9.30,-2.03,2,5,5,4,1,8,1342,1427,70.4,100.7,.379,.422,.523,50.1,50.3,11.8,8.2,.494,17.7,32.0,.247
Charleston Southern,19,7,12,.368,-7.06,-3.00,3,5,5,5,2,7,1446,1425,68.0,109.6,.349,.378,.560,48.2,49.5,8.1,7.3,.526,14.8,30.1,.254
Charlotte,20,13,7,.650,4.90,-1.95,4,5,8,1,3,5,1365,1228,62.5,97.0,.264,.395,.518,48.2,43.1,9.0,8.0,.488,16.3,23.2,.191
Chattanooga,21,11,10,.524,-0.68,-1.57,3,5,7,4,4,6,1640,1477,68.4,102.2,.233,.396,.522,46.3,46.0,9.3,9.1,.491,13.5,25.0,.178
Chicago State,21,5,16,.238,-9.77,-1.87,4,0,1,16,1410,1548,66.5,110.1,.372,.362,.545,50.1,53.4,10.2,10.9,.511,14.1,34.1,.260
Cincinnati,21,14,7,.667,10.63,3.23,5,3,10,3,3,2,1613,1422,70.4,96.1,.280,.317,.505,47.4,51.5,7.7,7.5,.467,15.8,26.2,.210
Clemson,21,17,4,.810,10.68,2.49,9,1,12,0,3,2,1561,1389,67.9,96.3,.309,.415,.498,49.1,48.2,7.8,7.9,.458,15.1,25.2,.226
Cleveland State,21,12,9,.571,-0.41,-3.88,7,3,6,3,6,6,1460,1368,65.1,98.9,.302,.404,.512,50.0,53.8,8.0,7.8,.478,18.3,34.2,.215
Coastal Carolina,20,10,10,.500,-7.76,-1.88,4,4,7,4,3,6,1515,1435,69.0,102.7,.223,.440,.520,47.7,54.2,9.9,8.5,.497,15.1,30.9,.155
Colgate,22,15,7,.682,1.13,-5.07,9,0,6,2,8,3,1722,1559,68.8,103.0,.223,.369,.551,48.6,51.4,9.2,8.7,.531,16.7,24.3,.157
College of Charleston,22,21,1,.955,8.08,-3.02,9,0,13,0,8,1,1761,1499,70.8,95.2,.231,.323,.511,45.9,47.2,8.3,11.2,.489,17.6,26.1,.154
Colorado,21,12,9,.571,12.21,6.54,4,6,9,2,1,5,1517,1398,71.3,93.4,.317,.338,.505,46.3,42.6,11.3,11.0,.471,18.1,25.1,.221
Colorado State,21,10,11,.476,5.96,4.26,2,6,7,4,2,5,1567,1490,67.6,103.1,.302,.430,.550,52.9,47.9,8.4,9.1,.519,17.1,26.5,.219
Columbia,21,6,15,.286,-14.34,-3.03,1,5,5,7,1,8,1412,1534,70.0,103.2,.240,.380,.532,51.8,58.1,9.7,11.7,.510,16.8,32.2,.166


Connecticut,21,16,5,.762,21.99,6.18,5,5,11,1,2,4,1666,1334,70.1,90.7,.420,.277,.494,44.3,38.9,9.0,8.7,.437,18.3,24.5,.311
Coppin State,22,6,16,.273,-12.70,-0.38,1,4,4,3,2,13,1616,1887,74.2,112.9,.347,.408,.566,58.3,57.5,9.6,10.7,.537,15.8,36.6,.245
Cornell,19,14,5,.737,3.90,-3.63,4,2,8,1,6,4,1617,1410,72.7,102.0,.257,.385,.552,49.5,58.0,9.3,9.7,.527,19.5,30.0,.185
Creighton,19,11,8,.579,17.42,9.00,5,3,8,1,1,4,1450,1290,70.5,96.3,.182,.299,.494,47.6,48.6,7.8,8.4,.472,13.7,23.5,.131
Dartmouth,20,7,13,.350,-8.54,-2.70,3,3,4,3,3,8,1404,1396,70.9,97.2,.308,.326,.514,50.3,42.3,11.8,9.1,.479,15.8,25.6,.220
Davidson,20,10,10,.500,1.40,1.29,3,5,5,4,3,5,1401,1376,67.1,100.6,.280,.376,.517,51.8,47.7,9.6,10.8,.491,15.8,29.8,.190
Dayton,20,13,7,.650,9.69,1.09,5,2,10,1,2,3,1364,1192,65.1,90.9,.217,.387,.459,45.2,45.2,9.9,6.4,.434,14.4,26.4,.144
Delaware,21,11,10,.524,-3.09,-1.89,3,5,7,3,2,7,1470,1470,67.7,102.9,.278,.344,.538,52.2,53.9,9.4,8.7,.508,16.9,29.7,.202
Delaware State,18,2,16,.111,-17.81,-1.43,1,4,1,4,1,12,1136,1367,68.3,110.4,.402,.456,.586,51.8,65.8,11.7,8.0,.557,17.7,31.3,.283
Denver,22,12,10,.545,-8.38,-5.58,3,6,6,3,4,7,1639,1662,69.1,106.9,.259,.408,.551,46.4,52.3,9.5,9.6,.519,14.4,26.6,.198
DePaul,21,9,12,.429,2.54,5.87,3,7,7,3,2,7,1503,1573,70.1,105.6,.362,.337,.540,53.9,50.5,9.9,9.0,.505,16.1,33.4,.254
Detroit Mercy,21,8,13,.381,-4.31,-1.86,4,6,5,3,3,9,1593,1614,67.6,112.3,.286,.375,.565,49.8,48.7,9.5,7.3,.531,14.3,31.8,.222
Drake,22,16,6,.727,5.45,-1.45,7,4,10,1,2,5,1624,1403,67.9,92.9,.269,.391,.499,47.5,43.3,8.2,6.8,.467,16.9,22.5,.192
Drexel,20,12,8,.600,-0.08,-4.92,6,2,9,2,2,4,1352,1220,63.9,94.2,.233,.299,.500,48.0,47.4,8.3,8.4,.472,17.1,26.2,.167
Duke,20,14,6,.700,13.99,6.09,5,4,10,0,1,4,1443,1285,66.5,96.5,.246,.344,.506,43.9,48.3,9.0,9.9,.471,15.8,26.0,.187
Duquesne,20,13,7,.650,3.88,0.08,3,4,11,3,1,4,1482,1406,68.1,102.9,.330,.347,.524,49.5,53.1,8.4,9.2,.492,16.8,34.3,.228
East Carolina,21,11,10,.524,-1.55,-1.65,2,6,7,4,1,5,1457,1455,68.1,101.7,.335,.344,.523,47.5,48.6,9.3,9.8,.490,15.2,28.5,.232
East Tennessee State,21,8,13,.381,-5.64,-4.75,4,4,3,8,4,4,1464,1431,68.0,100.3,.250,.445,.529,47.6,50.5,11.5,6.6,.500,16.9,28.1,.183
Eastern Illinois,21,7,14,.333,-13.19,-4.72,3,5,5,5,2,8,1433,1482,71.4,98.8,.338,.431,.534,53.4,59.2,9.4,8.8,.502,19.9,32.2,.236
Eastern Kentucky,21,13,8,.619,-2.32,-0.10,6,2,9,1,3,6,1673,1529,74.5,97.8,.268,.391,.519,48.5,55.6,9.3,7.5,.485,18.3,30.0,.200


Eastern Michigan,20,4,16,.200,-12.35,-1.88,1,6,3,5,1,8,1445,1635,71.2,114.0,.388,.417,.591,53.7,44.6,9.4,7.0,.563,15.1,30.5,.273
Eastern Washington,21,14,7,.667,0.22,-1.34,8,0,7,1,5,5,1590,1483,69.8,101.2,.293,.441,.526,46.2,49.4,9.5,6.7,.491,15.4,25.2,.217
Elon,20,2,18,.100,-13.09,-1.53,0,7,2,6,0,10,1311,1462,68.6,106.6,.293,.428,.540,53.2,54.7,9.2,9.9,.514,15.5,31.7,.203
Evansville,21,4,17,.190,-14.04,-0.66,0,10,2,6,1,9,1299,1580,69.2,108.7,.312,.407,.580,53.7,57.1,9.2,6.9,.548,16.1,25.3,.236
Fairfield,19,9,10,.474,-5.36,-3.92,5,4,5,3,2,6,1230,1215,65.4,97.1,.281,.299,.497,49.7,43.2,9.8,10.8,.465,15.5,29.4,.196
Fairleigh Dickinson,22,12,10,.545,-11.36,-9.41,5,2,6,3,5,6,1720,1670,71.0,105.6,.321,.420,.584,49.9,55.6,8.3,9.3,.558,19.9,28.8,.231
Florida,19,11,8,.579,13.14,6.14,4,3,6,3,3,2,1374,1241,70.0,93.3,.279,.316,.483,50.1,47.5,9.6,7.8,.449,16.1,28.0,.197
Florida A&M,18,3,15,.167,-18.45,-0.32,1,6,3,2,0,13,1012,1286,66.4,106.8,.443,.362,.544,53.9,52.7,13.2,12.5,.510,16.5,36.1,.297
Florida Atlantic,20,19,1,.950,11.90,-0.49,9,0,11,0,8,1,1549,1268,68.5,92.0,.270,.329,.487,45.2,36.0,8.8,6.6,.454,16.4,23.8,.192
Florida Gulf Coast,21,14,7,.667,-0.52,-2.02,4,4,7,1,4,6,1475,1401,66.6,99.6,.284,.409,.511,48.7,52.5,10.0,10.5,.484,15.8,28.8,.191
Florida International,20,9,11,.450,-5.41,-0.69,3,6,8,4,1,7,1433,1492,71.4,103.2,.275,.413,.546,54.0,54.8,11.5,8.9,.515,19.4,34.6,.204
Florida State,21,7,14,.333,1.51,6.17,5,5,5,6,2,4,1455,1553,68.7,107.5,.293,.393,.547,52.4,56.8,7.4,7.2,.515,14.9,31.8,.217
Fordham,19,15,4,.789,0.65,-3.93,3,3,12,2,3,2,1363,1276,70.3,94.9,.315,.313,.503,47.9,48.0,9.1,8.9,.462,17.1,26.2,.232
Fresno State,19,7,12,.368,1.72,4.55,3,5,5,3,2,6,1158,1196,63.7,98.8,.289,.394,.531,51.2,51.3,9.0,8.7,.497,17.9,27.0,.212
Furman,21,15,6,.714,3.19,-3.31,6,2,8,2,5,2,1730,1522,71.2,101.1,.301,.364,.544,48.3,46.8,9.0,8.2,.517,17.3,25.5,.209
Gardner-Webb,20,9,11,.450,-3.45,-2.84,4,4,4,3,4,8,1418,1292,68.2,93.6,.417,.378,.510,47.4,50.6,9.1,7.9,.461,18.5,24.8,.301
George Mason,20,12,8,.600,4.26,0.46,4,3,10,1,1,4,1430,1354,68.2,98.6,.306,.363,.508,46.6,42.8,10.6,8.1,.478,14.4,24.5,.208
George Washington,19,10,9,.526,0.69,-0.81,4,2,8,3,2,3,1436,1382,69.5,104.6,.276,.388,.533,50.4,54.0,9.8,5.8,.510,14.6,29.3,.185
Georgetown,21,6,15,.286,-1.22,4.88,1,9,5,7,0,7,1519,1647,69.7,111.1,.251,.404,.562,49.7,59.2,12.0,6.3,.536,13.8,29.5,.186
Georgia,19,13,6,.684,6.22,1.22,3,3,10,1,1,4,1351,1256,68.3,96.7,.259,.354,.495,46.4,51.3,9.8,10.6,.465,15.2,28.2,.181


Georgia Southern,21,12,9,.571,-3.83,-2.11,5,3,8,4,3,5,1432,1370,66.9,96.9,.291,.376,.519,48.7,48.6,8.6,6.3,.493,17.8,25.9,.195
Georgia State,20,9,11,.450,-3.01,-1.24,2,6,9,5,0,6,1337,1285,67.3,94.8,.306,.335,.500,47.6,48.9,10.0,9.7,.467,16.3,28.2,.212
Georgia Tech,20,8,12,.400,2.28,5.59,1,9,7,5,1,5,1378,1411,68.3,102.6,.305,.343,.516,50.3,56.0,8.8,8.8,.487,14.2,30.9,.208
Gonzaga,21,17,4,.810,17.20,7.60,6,1,9,1,4,1,1817,1547,73.7,100.0,.267,.379,.539,46.1,45.6,7.6,5.9,.509,17.5,24.5,.196
Grambling,19,12,7,.632,-4.67,-4.85,5,2,6,0,5,6,1310,1223,70.1,91.9,.408,.419,.493,47.7,55.8,10.8,8.8,.449,18.8,29.1,.279
Grand Canyon,20,13,7,.650,6.20,1.76,4,3,10,2,2,3,1460,1272,65.9,95.3,.305,.328,.481,46.7,42.7,8.2,8.5,.447,15.2,29.2,.209
Green Bay,21,2,19,.095,-19.97,-2.07,1,9,2,6,0,11,1247,1623,66.4,116.4,.336,.330,.589,56.7,45.5,11.6,10.8,.554,14.4,34.0,.257
Hampton,20,4,16,.200,-15.08,-3.08,1,7,3,4,1,9,1367,1566,70.4,111.2,.375,.383,.568,53.6,54.4,8.0,9.9,.543,14.2,31.0,.251
Hartford,21,4,17,.190,-24.27,-7.71,4,6,0,9,1349,1502,67.3,106.3,.239,.388,.552,52.1,58.5,10.3,8.2,.529,16.1,30.2,.170
Harvard,20,12,8,.600,0.19,-2.20,3,3,5,3,6,4,1358,1293,67.6,94.4,.231,.374,.499,46.3,46.4,10.1,8.5,.472,16.2,24.4,.164
Hawaii,20,15,5,.750,4.22,-1.84,6,2,10,2,2,2,1363,1224,65.7,92.0,.276,.265,.469,47.7,29.3,8.8,9.4,.429,15.3,28.0,.204
High Point,20,10,10,.500,-8.90,-4.68,2,6,7,3,1,7,1544,1565,75.2,103.8,.318,.397,.515,50.7,55.9,10.7,9.4,.485,14.7,33.5,.216
Hofstra,21,13,8,.619,2.81,0.61,6,2,6,1,5,5,1528,1436,68.5,99.2,.233,.364,.504,52.6,50.7,8.8,9.3,.481,15.7,31.1,.157
Holy Cross,21,7,14,.333,-12.55,-4.92,4,4,5,5,2,7,1385,1482,68.4,102.6,.290,.363,.526,53.7,50.3,10.2,9.1,.500,15.8,30.3,.195
Houston,20,18,2,.900,25.46,3.76,6,1,11,2,5,0,1502,1068,64.7,82.5,.330,.464,.449,44.7,52.3,8.3,6.5,.401,20.5,28.1,.236
Houston Christian,20,7,13,.350,-16.79,-4.55,4,3,6,5,1,8,1574,1661,74.5,110.7,.331,.343,.589,49.9,51.6,10.9,8.8,.562,17.0,30.0,.239
Howard,22,12,10,.545,-7.03,-2.93,4,1,8,2,3,6,1616,1605,72.3,100.9,.339,.396,.555,49.4,50.7,12.2,8.0,.530,19.8,29.4,.229
Idaho,21,8,13,.381,-7.20,-4.10,2,6,5,5,3,8,1594,1505,68.1,104.6,.337,.302,.551,50.6,41.9,9.0,8.5,.516,15.2,26.0,.246
Idaho State,20,7,13,.350,-6.42,-2.59,4,3,5,4,2,8,1374,1394,66.7,102.5,.354,.331,.535,52.7,47.5,8.8,7.3,.487,16.2,28.0,.276
Illinois,20,14,6,.700,16.40,4.85,5,4,10,2,2,2,1517,1286,70.2,91.0,.302,.296,.483,46.0,46.5,9.9,7.8,.448,17.7,27.2,.209


Illinois State,21,8,13,.381,-6.04,-3.37,3,7,5,5,3,4,1376,1432,65.7,102.6,.341,.365,.534,48.2,48.2,9.9,10.3,.503,15.2,26.3,.235
Illinois-Chicago,22,9,13,.409,-7.99,-2.66,1,10,5,5,2,8,1466,1544,69.6,100.3,.334,.338,.528,54.9,52.9,9.2,12.5,.491,17.9,30.9,.240
Incarnate Word,20,8,12,.400,-16.07,-7.29,2,6,4,4,2,9,1414,1470,70.4,103.1,.341,.372,.559,51.4,55.0,10.0,7.2,.527,18.9,30.0,.245
Indiana,19,13,6,.684,16.44,5.07,4,4,10,1,2,4,1504,1288,70.7,95.9,.288,.373,.502,46.3,47.5,10.1,6.4,.475,15.8,25.5,.192
Indiana State,22,13,9,.591,3.09,-2.96,6,5,7,3,4,5,1705,1541,72.1,96.6,.346,.345,.519,49.7,37.2,8.2,11.0,.477,16.8,24.2,.253
Iona,19,13,6,.684,8.31,-0.69,6,2,6,1,2,3,1452,1281,70.0,95.7,.343,.329,.503,50.1,55.0,7.0,6.7,.463,17.9,31.0,.244
Iowa,19,12,7,.632,14.67,6.46,4,4,9,2,2,3,1553,1397,70.9,102.3,.198,.322,.533,48.4,47.6,8.4,8.3,.511,16.1,28.2,.145
Iowa State,19,15,4,.789,18.84,7.31,6,2,11,0,2,3,1350,1131,66.2,89.4,.393,.458,.524,48.0,56.3,10.4,7.1,.482,24.7,28.4,.279
IUPUI,21,3,18,.143,-20.92,-4.92,0,10,2,7,0,8,1314,1582,67.6,110.9,.315,.397,.583,51.5,55.6,12.1,8.2,.549,16.5,30.5,.242
Jackson State,20,6,14,.300,-11.67,-1.27,5,2,4,0,2,12,1320,1528,71.9,105.8,.374,.412,.575,49.9,56.8,11.4,12.1,.539,18.0,29.0,.275
Jacksonville,19,11,8,.579,-3.69,-0.69,4,4,7,1,4,7,1230,1162,62.8,97.4,.234,.484,.495,47.2,53.7,10.0,8.5,.467,13.9,25.1,.166
Jacksonville State,21,8,13,.381,-9.75,-1.75,1,7,6,3,1,9,1446,1488,66.0,106.7,.284,.475,.558,48.4,58.6,9.2,7.9,.527,15.7,26.2,.213
James Madison,21,13,8,.619,7.06,-2.00,4,4,6,2,5,5,1774,1417,73.5,89.7,.309,.392,.506,46.5,48.9,10.3,8.1,.478,21.9,27.9,.204
Kansas,20,16,4,.800,18.66,10.21,5,3,10,1,3,2,1518,1349,69.7,95.6,.320,.376,.505,48.3,46.7,8.9,8.7,.467,18.2,29.0,.230
Kansas City,21,8,13,.381,-5.44,-1.59,4,4,4,4,2,8,1394,1411,66.3,99.6,.367,.414,.519,47.1,51.3,10.0,8.8,.474,16.8,30.5,.271
Kansas State,20,17,3,.850,16.22,6.57,6,2,11,0,3,3,1556,1363,69.8,95.3,.365,.350,.509,48.9,55.5,9.8,9.3,.474,18.8,31.5,.246
Kennesaw State,21,15,6,.714,-1.60,-1.71,7,1,8,0,6,5,1569,1441,70.0,97.4,.358,.393,.530,49.6,46.5,9.9,9.3,.500,19.2,27.1,.241
Kent State,20,16,4,.800,8.81,-0.25,6,1,9,0,6,4,1505,1271,70.4,90.3,.349,.405,.498,51.0,51.6,8.2,6.4,.458,20.9,29.7,.245
Kentucky,20,14,6,.700,13.94,4.59,5,3,11,1,2,3,1514,1327,66.9,97.9,.282,.352,.516,43.9,45.6,8.3,4.7,.481,16.2,25.6,.209
La Salle,20,8,12,.400,-5.15,-0.05,2,5,5,6,3,4,1360,1462,68.8,104.3,.301,.342,.544,51.8,52.6,8.9,12.9,.513,16.7,31.0,.218


Lafayette,21,6,15,.286,-6.25,-2.29,4,4,2,4,3,11,1299,1382,62.7,102.6,.300,.411,.545,54.2,53.0,9.1,8.9,.517,17.3,28.4,.213
Lamar,20,6,14,.300,-18.21,-5.21,2,5,5,5,0,8,1360,1515,68.9,108.6,.297,.455,.540,49.6,64.9,11.8,9.4,.520,15.3,34.1,.193
Lehigh,19,11,8,.579,-7.97,-4.26,6,2,7,2,4,6,1360,1326,71.1,98.1,.261,.359,.515,50.6,48.9,9.0,9.2,.491,15.4,24.7,.176
Liberty,21,16,5,.762,8.30,-1.98,7,1,11,1,3,3,1570,1229,65.6,89.2,.281,.355,.501,47.8,43.8,9.4,11.0,.468,19.7,21.6,.200
Lindenwood,21,7,14,.333,-14.55,-4.16,2,6,5,3,2,9,1426,1504,69.6,101.7,.275,.434,.532,52.4,55.2,10.3,8.1,.506,16.8,29.3,.191
Lipscomb,21,13,8,.619,-1.60,-4.21,5,3,10,1,3,7,1586,1423,69.6,96.8,.224,.375,.501,47.0,41.1,9.3,7.1,.474,15.4,26.1,.161
Little Rock,21,6,15,.286,-13.54,-5.86,2,6,6,3,0,12,1525,1631,72.7,106.9,.364,.376,.560,51.4,51.5,8.6,8.5,.538,17.1,31.2,.239
Long Beach State,20,10,10,.500,-0.38,0.90,4,4,5,3,3,6,1541,1490,73.5,98.9,.300,.412,.518,46.0,55.4,9.3,7.8,.481,16.7,27.6,.223
Long Island University,20,2,18,.100,-24.63,-2.37,0,8,2,7,0,10,1341,1625,73.9,110.0,.296,.348,.568,53.2,58.9,11.2,8.5,.546,15.5,31.1,.203
Longwood,21,15,6,.714,-0.25,-6.31,7,1,9,1,6,5,1586,1387,68.6,96.3,.321,.453,.534,46.3,56.7,9.3,9.8,.504,19.8,26.1,.224
Louisiana,20,16,4,.800,1.98,-1.85,6,2,7,0,7,4,1601,1416,70.4,99.9,.279,.317,.526,45.3,43.7,9.0,8.0,.493,16.2,26.0,.206
Louisiana State,20,12,8,.600,4.30,5.00,1,7,9,3,0,4,1330,1344,67.0,100.3,.269,.412,.520,50.2,49.1,9.1,9.6,.492,16.6,30.2,.190
Louisiana Tech,20,11,9,.550,0.99,0.46,4,5,7,3,3,6,1511,1385,69.5,97.7,.384,.435,.549,48.2,63.4,9.8,9.9,.515,20.9,26.9,.267
Louisiana-Monroe,21,9,12,.429,-8.84,-0.78,5,3,6,4,3,6,1459,1448,68.2,101.1,.270,.398,.535,50.8,55.5,9.3,9.0,.502,18.4,32.4,.204
Louisville,19,2,17,.105,-6.91,5.93,0,8,2,10,0,4,1185,1429,69.1,108.8,.291,.388,.568,51.7,51.0,10.3,8.9,.544,15.8,29.7,.205
Loyola (IL),19,7,12,.368,-5.08,-0.14,1,6,5,4,1,4,1275,1369,67.0,106.0,.386,.361,.555,50.2,48.8,12.2,8.6,.513,16.1,28.8,.288
Loyola (MD),21,7,14,.333,-14.01,-4.85,2,6,4,5,2,8,1360,1460,66.8,104.1,.277,.359,.570,51.4,52.3,11.1,7.7,.545,19.3,29.1,.199
Loyola Marymount,21,14,7,.667,7.38,4.18,4,3,9,2,3,4,1592,1478,69.6,100.0,.334,.339,.524,46.9,47.3,7.4,8.0,.491,14.7,23.9,.233
Maine,19,7,12,.368,-8.64,-3.64,1,5,4,3,3,8,1328,1332,67.4,102.7,.291,.374,.556,52.0,51.0,8.1,9.2,.531,18.2,27.6,.202
Manhattan,18,6,12,.333,-11.05,-4.70,4,5,3,6,2,5,1229,1290,68.2,103.0,.310,.364,.538,53.6,53.8,12.4,8.9,.505,18.3,35.1,.224


Marist,18,7,11,.389,-9.64,-6.69,3,6,3,6,3,5,1128,1181,65.5,99.5,.266,.394,.523,51.6,48.0,8.8,8.1,.495,16.3,26.6,.190
Marquette,21,16,5,.762,17.83,6.54,8,2,11,1,4,3,1728,1491,70.2,99.3,.300,.370,.534,52.5,57.5,8.6,9.6,.508,19.6,32.5,.205
Marshall,21,17,4,.810,8.85,-2.90,6,2,12,1,5,3,1719,1458,72.3,95.5,.246,.350,.494,47.7,48.4,8.3,3.6,.474,17.4,31.5,.155
Maryland,19,12,7,.632,12.73,6.62,3,5,9,1,1,5,1335,1219,66.8,96.1,.282,.318,.494,48.9,44.9,8.0,9.6,.460,16.2,29.9,.202
Maryland-Baltimore County,21,14,7,.667,-2.90,-6.00,4,2,10,2,4,5,1634,1545,69.1,106.5,.255,.402,.558,49.1,51.6,7.8,8.2,.532,15.1,25.7,.186
Maryland-Eastern Shore,19,11,8,.579,-8.42,-1.73,4,1,7,0,4,8,1286,1275,69.7,95.6,.338,.382,.541,52.0,52.9,9.4,8.7,.501,22.3,30.6,.253
Massachusetts,19,11,8,.579,0.60,0.12,2,5,5,3,2,4,1342,1333,71.2,98.4,.323,.404,.527,47.8,57.1,10.5,8.4,.498,17.9,28.6,.220
Massachusetts-Lowell,21,17,4,.810,-0.31,-8.10,5,2,11,0,6,4,1656,1391,71.0,92.7,.319,.320,.489,43.3,48.7,12.3,7.2,.444,17.2,26.4,.238
McNeese State,20,5,15,.250,-11.92,-0.55,2,5,3,6,2,9,1360,1520,68.0,111.0,.349,.455,.587,51.2,68.4,10.0,7.6,.568,17.9,32.9,.233
Memphis,20,15,5,.750,12.46,5.41,5,2,9,0,3,4,1577,1436,72.9,97.4,.363,.433,.510,50.1,57.4,9.4,9.0,.460,18.6,33.3,.278
Mercer,21,9,12,.429,-6.22,-3.11,2,6,4,4,3,7,1471,1438,65.9,103.2,.338,.340,.530,49.1,50.7,8.1,6.8,.491,15.3,29.4,.248
Merrimack,21,6,15,.286,-13.95,-4.11,4,3,3,5,3,8,1203,1315,65.9,94.9,.262,.374,.518,58.9,60.1,10.3,11.8,.482,22.5,37.0,.200
Miami (FL),20,16,4,.800,12.22,3.52,7,3,11,0,4,3,1563,1389,68.2,101.2,.248,.355,.515,48.6,53.9,8.8,7.5,.486,15.9,32.3,.179
Miami (OH),20,7,13,.350,-8.67,-0.91,1,6,6,6,1,6,1486,1500,71.0,105.6,.355,.379,.569,51.5,51.4,11.5,9.1,.535,18.3,30.8,.259
Michigan,19,11,8,.579,10.45,5.71,5,3,8,2,1,3,1411,1321,69.0,99.4,.252,.365,.502,50.1,45.7,7.2,7.0,.476,13.9,27.1,.173
Michigan State,20,13,7,.650,13.10,9.30,5,4,8,2,3,3,1393,1317,65.7,98.9,.276,.378,.499,46.9,53.5,8.9,10.1,.463,12.7,24.3,.202
Middle Tennessee,20,13,7,.650,3.43,1.04,6,3,7,2,3,5,1394,1301,66.9,96.1,.345,.346,.537,47.8,47.0,9.7,7.4,.496,20.7,27.3,.257
Milwaukee,20,14,6,.700,-1.64,-2.52,8,2,10,2,4,4,1559,1385,71.6,95.5,.287,.422,.487,47.5,50.9,9.6,9.1,.452,16.6,30.9,.203
Minnesota,18,7,11,.389,0.26,5.04,1,7,5,6,1,4,1125,1211,65.3,101.6,.210,.318,.503,52.4,51.1,9.8,10.5,.476,14.0,31.8,.154
Mississippi,20,9,11,.450,7.25,6.40,1,7,6,6,1,4,1350,1333,66.9,99.0,.278,.328,.508,47.7,56.5,11.9,7.4,.476,15.9,29.9,.198


Mississippi State,19,12,7,.632,10.95,4.32,1,6,7,3,1,3,1234,1108,65.6,88.9,.226,.435,.490,47.3,57.8,8.6,8.3,.460,21.1,28.5,.166
Mississippi Valley State,22,2,20,.091,-18.87,-1.32,1,7,2,3,0,15,1260,1646,67.7,110.5,.381,.416,.571,52.9,56.2,12.8,10.1,.546,16.6,33.1,.256
Missouri,20,15,5,.750,11.74,4.39,4,4,11,2,2,3,1667,1520,72.7,103.9,.357,.437,.560,54.6,54.6,9.1,6.4,.522,21.3,37.3,.266
Missouri State,21,11,10,.524,2.05,0.65,7,4,7,3,3,5,1376,1313,63.6,97.2,.298,.393,.520,47.5,46.6,9.5,11.5,.488,17.6,26.4,.211
Monmouth,20,1,19,.050,-19.81,1.29,0,7,0,8,1,11,1148,1570,68.4,114.9,.393,.451,.600,53.9,54.6,11.1,10.8,.572,17.6,35.0,.280
Montana,20,9,11,.450,-0.26,-0.68,3,5,6,4,2,7,1383,1363,65.1,104.1,.422,.370,.549,48.8,49.6,8.2,7.2,.495,14.4,22.4,.328
Montana State,21,13,8,.619,2.41,-0.70,6,2,7,1,6,4,1580,1394,69.8,95.2,.352,.376,.518,47.5,38.3,8.9,5.3,.476,17.7,23.2,.256
Morehead State,21,12,9,.571,-10.10,-3.16,5,3,8,2,4,7,1504,1453,68.5,101.1,.283,.336,.533,46.9,44.3,8.3,10.8,.500,15.5,23.6,.209
Morgan State,20,11,9,.550,-8.12,-2.81,4,1,8,0,2,8,1584,1440,74.0,95.6,.427,.347,.522,50.2,57.8,10.2,9.3,.481,21.8,35.5,.293
Mount St. Mary's,20,7,13,.350,-8.18,-4.70,3,6,3,5,4,8,1241,1285,66.0,97.4,.276,.371,.505,50.8,48.4,12.2,9.6,.478,17.4,30.6,.187
Murray State,21,11,10,.524,-1.49,-1.04,6,5,7,1,2,8,1489,1461,67.3,102.2,.261,.420,.516,48.5,52.5,8.7,6.4,.488,14.2,27.6,.183
Navy,20,10,10,.500,-4.77,-4.40,3,5,6,3,4,7,1419,1387,65.4,104.7,.290,.402,.548,48.7,54.1,9.5,8.3,.526,16.5,28.1,.194
NC State,21,16,5,.762,13.18,3.51,6,4,11,1,2,3,1665,1462,71.1,97.4,.349,.333,.524,48.4,46.3,7.9,6.7,.487,17.7,26.0,.249
Nebraska,20,10,10,.500,7.04,8.14,3,6,7,2,2,6,1323,1345,66.9,99.3,.211,.425,.508,49.2,58.9,10.6,11.9,.490,15.5,28.0,.138
Nevada,21,16,5,.762,11.91,6.41,6,2,10,0,4,4,1554,1400,67.0,97.8,.315,.394,.517,49.6,52.1,7.3,6.8,.480,16.7,25.7,.226
Nevada-Las Vegas,20,13,7,.650,8.76,4.18,2,6,7,4,2,3,1528,1369,70.8,95.5,.276,.476,.537,51.7,58.7,8.8,7.7,.512,23.0,31.4,.192
New Hampshire,18,8,10,.444,-8.46,-5.34,3,3,5,3,3,7,1210,1185,65.4,99.9,.326,.352,.512,49.6,43.9,8.2,7.8,.476,14.6,25.9,.229
New Mexico,21,18,3,.857,13.80,3.50,5,3,13,1,4,2,1732,1487,72.8,95.5,.281,.393,.503,46.3,51.3,8.5,6.6,.478,16.0,24.4,.186
New Mexico State,20,7,13,.350,-1.46,3.30,0,8,4,4,1,7,1475,1423,71.3,99.9,.359,.458,.538,48.4,51.9,7.8,7.1,.504,17.6,25.7,.252
New Orleans,18,6,12,.333,-15.23,-4.73,3,4,5,5,1,7,1274,1432,73.1,107.8,.361,.372,.579,53.0,51.2,12.1,6.1,.550,18.1,31.7,.257


Niagara,19,10,9,.526,-6.75,-4.47,5,5,5,2,3,7,1225,1228,63.3,101.5,.347,.285,.520,51.0,41.4,8.5,11.0,.478,14.9,29.0,.254
Nicholls State,19,10,9,.526,-6.74,-0.11,6,2,7,0,3,8,1413,1348,73.2,96.8,.465,.383,.538,51.3,59.8,8.2,7.1,.500,21.6,31.2,.314
NJIT,19,5,14,.263,-11.29,-5.07,2,4,3,5,2,9,1275,1359,66.7,105.8,.276,.382,.533,52.4,49.6,7.6,9.1,.508,14.0,29.8,.192
Norfolk State,20,13,7,.650,-3.96,-2.77,3,2,6,1,4,6,1513,1379,68.3,100.7,.366,.490,.524,47.1,64.9,9.9,8.2,.494,17.0,29.6,.243
North Alabama,21,11,10,.524,-11.10,-4.21,3,5,5,2,5,8,1566,1555,70.3,104.6,.314,.365,.546,49.3,51.8,8.3,8.6,.520,14.7,25.1,.216
North Carolina,21,15,6,.714,14.45,7.26,7,3,10,0,2,4,1664,1513,70.2,99.7,.243,.341,.517,46.6,44.3,8.4,8.2,.494,14.2,24.0,.165
North Carolina A&T,22,10,12,.455,-7.96,-0.43,5,4,5,3,4,6,1593,1618,70.8,103.4,.294,.361,.529,52.6,47.6,6.9,6.6,.499,15.0,29.7,.207
North Carolina Central,19,10,9,.526,-3.51,-2.71,3,2,9,1,1,8,1459,1263,70.7,92.8,.313,.391,.521,47.2,57.1,9.1,11.0,.499,20.9,27.1,.199
North Dakota,22,7,15,.318,-8.85,-1.75,1,8,5,7,2,8,1518,1578,67.6,105.6,.276,.328,.550,50.9,40.6,9.8,9.7,.524,15.1,27.4,.196
North Dakota State,21,8,13,.381,-5.88,-0.41,5,4,4,4,4,7,1508,1546,69.5,106.0,.288,.328,.544,49.1,43.9,10.1,8.2,.513,12.8,23.6,.210
North Florida,20,8,12,.400,-9.19,-0.36,3,5,7,1,1,11,1486,1565,70.8,109.8,.243,.279,.533,53.8,55.1,9.4,11.5,.508,11.9,32.7,.173
North Texas,21,16,5,.762,7.61,1.71,7,3,6,2,6,2,1306,1158,59.7,92.3,.438,.334,.501,46.1,42.8,8.9,8.4,.449,19.0,26.8,.312
Northeastern,19,8,11,.421,-7.35,-3.35,4,4,4,4,3,6,1250,1326,67.7,102.4,.300,.290,.518,47.3,44.2,11.5,9.9,.488,13.3,27.2,.208
Northern Arizona,21,5,16,.238,-7.30,1.59,1,7,4,5,1,10,1500,1582,69.1,107.1,.420,.386,.575,50.2,54.1,8.0,9.8,.533,16.4,24.3,.314
Northern Colorado,20,7,13,.350,-6.49,1.36,2,6,2,6,3,7,1422,1572,69.3,111.9,.310,.318,.569,52.9,48.3,8.3,11.4,.541,13.3,28.5,.224
Northern Illinois,20,8,12,.400,-7.56,-1.06,4,3,3,3,4,8,1408,1505,71.4,105.4,.370,.370,.549,52.9,49.9,10.1,10.2,.518,17.0,31.7,.255
Northern Iowa,20,11,9,.550,-0.11,-1.22,7,3,7,4,3,3,1403,1326,67.9,97.6,.233,.480,.542,48.7,50.0,9.5,7.0,.519,18.6,22.3,.166
Northern Kentucky,21,13,8,.619,-1.77,-1.83,8,2,11,2,2,3,1416,1335,64.1,96.3,.317,.398,.535,50.7,62.7,10.1,7.2,.510,22.0,32.0,.211
Northwestern,18,13,5,.722,13.25,5.41,4,3,9,3,3,1,1238,1097,67.4,90.4,.283,.435,.493,49.2,62.0,7.2,11.9,.462,19.6,26.9,.195
Northwestern State,20,12,8,.600,-3.25,-2.62,4,3,5,2,6,6,1457,1458,68.6,105.0,.394,.354,.555,52.7,54.9,8.4,9.4,.512,19.0,36.3,.294


Notre Dame,21,9,12,.429,2.09,3.61,1,9,9,5,0,5,1480,1512,65.2,109.8,.244,.333,.552,52.8,50.4,7.9,9.6,.522,11.9,25.7,.188
Oakland,21,9,12,.429,-7.16,-0.81,7,3,5,3,4,6,1533,1595,69.3,107.6,.204,.394,.552,55.4,62.5,8.2,7.9,.530,16.4,33.8,.149
Ohio,20,11,9,.550,0.99,-1.06,3,4,9,1,2,7,1558,1450,69.8,103.2,.313,.395,.525,47.7,50.2,9.5,8.7,.500,15.0,29.0,.206
Ohio State,20,11,9,.550,16.63,6.48,3,6,8,2,1,5,1539,1336,67.7,97.4,.274,.366,.495,46.6,48.9,7.3,6.9,.460,14.8,28.1,.199
Oklahoma,20,11,9,.550,11.39,8.74,2,6,6,4,1,4,1345,1292,65.0,98.8,.298,.309,.505,49.3,40.1,10.2,9.6,.468,13.5,25.7,.216
Oklahoma State,20,11,9,.550,13.35,8.50,3,5,8,2,1,5,1363,1266,68.3,92.1,.309,.381,.481,48.1,51.4,10.8,7.4,.437,17.2,28.9,.229
Old Dominion,20,11,9,.550,0.36,-0.48,3,5,9,3,1,4,1360,1330,65.4,101.1,.335,.434,.516,47.9,55.2,8.7,8.8,.486,15.5,29.0,.225
Omaha,21,7,14,.333,-10.14,0.26,3,6,4,4,1,10,1442,1618,68.7,112.2,.326,.406,.578,51.8,54.6,11.9,8.3,.547,14.8,29.3,.240
Oral Roberts,21,17,4,.810,9.21,0.39,8,0,11,0,6,4,1768,1514,72.8,99.0,.217,.401,.516,49.9,46.2,7.7,8.4,.492,15.9,27.0,.154
Oregon,20,11,9,.550,12.85,8.95,5,4,8,4,2,3,1404,1326,66.9,99.1,.227,.393,.512,46.6,51.0,8.6,6.9,.480,15.4,26.8,.174
Oregon State,20,8,12,.400,0.22,4.22,2,7,7,3,1,6,1276,1335,66.3,100.8,.341,.382,.522,51.6,55.7,9.7,9.1,.482,15.6,28.6,.249
Pacific,22,10,12,.455,-1.55,0.25,3,4,4,9,6,3,1652,1670,70.6,106.3,.366,.375,.557,53.8,50.1,7.7,9.1,.532,16.9,31.3,.245
Penn State,20,13,7,.650,11.85,5.65,4,5,10,2,1,4,1462,1338,65.9,100.3,.263,.374,.508,52.4,55.9,6.4,10.0,.479,13.0,25.0,.185
Pennsylvania,21,10,11,.476,-1.31,-1.36,2,4,5,4,5,7,1536,1503,67.2,104.7,.329,.440,.521,48.4,52.1,9.3,8.3,.491,12.9,28.1,.224
Pepperdine,21,7,14,.333,1.18,5.13,0,7,6,5,0,8,1622,1660,74.1,105.4,.297,.338,.536,50.5,50.2,10.0,5.4,.507,14.3,28.4,.209
Pittsburgh,20,13,7,.650,9.63,3.18,6,3,8,3,5,2,1482,1353,68.7,98.5,.283,.390,.500,47.9,52.0,8.7,10.5,.470,15.2,28.2,.194
Portland,22,11,11,.500,2.02,3.62,3,4,9,4,1,6,1708,1692,72.1,106.7,.276,.424,.551,51.4,50.2,9.0,5.1,.529,15.5,28.8,.189
Portland State,20,9,11,.450,-3.70,1.03,3,4,4,2,4,7,1538,1467,72.4,101.3,.479,.389,.568,52.1,54.7,7.3,6.1,.519,20.8,30.0,.354
Prairie View,21,7,14,.333,-8.82,-3.03,3,5,5,2,2,11,1398,1466,70.4,98.0,.453,.370,.546,48.5,50.5,8.1,10.4,.500,19.8,27.2,.327
Presbyterian,21,5,16,.238,-12.20,-4.93,1,7,5,4,0,10,1353,1437,64.9,104.4,.360,.358,.547,49.4,47.2,10.6,12.0,.526,17.0,30.2,.230


Princeton,19,14,5,.737,3.85,-4.20,5,1,6,2,6,2,1439,1250,69.6,93.8,.267,.324,.491,43.9,43.5,9.3,8.7,.464,13.9,20.7,.179
Providence,20,15,5,.750,13.40,3.45,7,2,11,0,4,3,1576,1377,69.5,97.9,.252,.316,.511,43.5,44.0,10.0,9.3,.479,15.5,26.4,.185
Purdue,20,19,1,.950,19.36,5.61,8,1,9,1,6,0,1471,1196,64.2,92.6,.159,.359,.472,41.7,49.8,8.6,7.9,.449,14.2,24.5,.116
Purdue-Fort Wayne,21,13,8,.619,-1.89,-3.63,5,5,7,3,5,4,1572,1394,70.5,93.5,.213,.402,.507,47.6,46.1,9.5,8.9,.484,17.0,23.1,.150
Queens (NC),21,13,8,.619,-4.01,-5.73,3,5,6,2,5,6,1706,1577,71.2,105.4,.241,.358,.542,45.7,47.3,9.6,11.6,.518,13.6,25.7,.172
Quinnipiac,20,15,5,.750,1.38,-4.52,6,3,6,2,7,2,1457,1327,69.5,95.4,.266,.381,.494,45.9,46.3,9.1,10.3,.464,15.1,25.9,.185
Radford,21,12,9,.571,-0.45,-3.24,6,2,7,1,4,8,1512,1363,66.8,97.1,.309,.382,.534,47.7,48.6,8.8,5.8,.505,19.2,26.5,.216
Rhode Island,19,6,13,.316,-2.33,0.73,2,5,5,5,0,6,1272,1330,68.5,100.8,.321,.335,.510,48.5,51.8,10.5,13.8,.475,14.6,30.3,.226
Rice,19,14,5,.737,0.82,-1.06,5,3,9,2,5,3,1549,1399,71.9,99.7,.231,.374,.528,46.8,46.6,10.3,7.5,.513,15.8,23.8,.147
Richmond,20,11,9,.550,3.99,0.39,4,3,9,2,1,5,1372,1300,66.5,96.6,.253,.417,.505,49.7,47.1,9.5,10.7,.475,15.0,24.2,.181
Rider,18,9,9,.500,-3.95,-3.19,6,3,5,2,4,5,1246,1222,66.2,102.6,.372,.448,.526,47.4,57.8,9.7,7.5,.502,15.1,29.3,.235
Robert Morris,21,9,12,.429,-6.21,-3.90,4,6,5,2,4,7,1443,1397,67.8,98.1,.307,.336,.522,49.5,46.4,9.8,7.8,.485,17.2,27.1,.227
Rutgers,20,14,6,.700,18.38,5.43,6,3,12,2,2,3,1399,1140,66.9,84.7,.265,.428,.466,46.3,54.5,9.4,9.3,.436,20.3,26.7,.177
Sacramento State,20,11,9,.550,-2.73,-0.95,4,3,7,0,4,6,1347,1343,64.6,101.4,.223,.293,.516,46.2,46.9,11.1,9.1,.493,13.4,25.3,.156
Sacred Heart,22,11,11,.500,-12.59,-9.40,4,3,5,3,6,8,1554,1580,71.6,100.3,.259,.388,.531,50.8,54.3,10.8,7.5,.500,17.0,28.9,.191
Saint Francis (PA),19,8,11,.421,-10.90,-5.49,5,1,7,3,1,8,1396,1391,70.0,104.5,.302,.339,.535,50.1,51.2,9.2,7.8,.510,14.0,27.5,.204
Saint Joseph's,19,9,10,.474,-0.66,-0.35,3,4,7,4,2,3,1353,1359,69.6,102.1,.320,.443,.537,51.0,62.0,10.4,12.6,.509,17.1,30.3,.218
Saint Louis,20,14,6,.700,7.12,2.75,6,1,10,2,3,3,1538,1412,70.6,100.1,.312,.373,.502,46.0,52.4,8.6,9.8,.464,12.9,25.8,.226
Saint Mary's (CA),22,18,4,.818,20.59,5.92,7,0,12,2,3,0,1586,1258,64.6,88.0,.302,.313,.484,43.5,36.1,7.1,10.0,.443,18.1,21.0,.220
Saint Peter's,20,8,12,.400,-10.15,-4.94,3,8,6,4,2,8,1231,1283,64.1,99.5,.542,.383,.531,46.5,49.1,7.4,12.8,.477,17.2,27.7,.382


Sam Houston State,20,15,5,.750,8.70,1.58,5,3,7,1,6,4,1559,1188,68.8,85.8,.352,.450,.508,44.7,51.9,8.2,8.1,.467,24.6,25.3,.252
Samford,21,14,7,.667,1.00,-4.29,8,0,10,2,4,5,1639,1456,69.4,98.6,.351,.423,.537,47.2,57.7,9.3,7.8,.506,18.6,26.2,.242
San Diego,21,9,12,.429,-1.12,2.36,2,5,7,5,2,5,1638,1653,70.5,110.3,.332,.403,.591,50.4,58.8,7.4,7.4,.572,17.2,28.1,.225
San Diego State,19,15,4,.789,14.63,7.47,6,1,9,1,5,0,1426,1259,68.9,94.9,.285,.416,.527,46.5,46.3,10.2,7.9,.493,19.0,23.4,.210
San Francisco,23,14,9,.609,6.54,1.94,3,5,9,4,3,3,1724,1606,71.0,98.3,.342,.327,.526,47.3,41.2,9.4,6.2,.484,16.2,24.2,.254
San Jose State,21,13,8,.619,4.42,2.87,4,4,8,2,3,5,1438,1385,63.8,102.8,.272,.370,.514,43.7,50.4,8.2,7.3,.475,11.0,22.9,.210
Santa Clara,22,16,6,.727,9.19,5.86,4,3,11,3,2,2,1645,1562,70.8,99.7,.226,.381,.522,45.6,52.7,9.1,7.3,.498,15.1,23.9,.160
Seattle,20,16,4,.800,4.68,-0.10,7,0,9,0,6,2,1516,1343,71.5,93.3,.344,.351,.497,47.0,51.2,8.1,10.3,.461,16.4,24.4,.234
Seton Hall,21,12,9,.571,11.16,7.96,5,5,8,3,3,4,1443,1352,68.4,94.1,.304,.365,.497,48.1,56.0,11.6,11.7,.459,18.2,29.7,.220
Siena,20,13,7,.650,-1.16,-3.71,7,2,6,2,5,4,1398,1347,67.0,99.9,.322,.273,.526,47.4,43.5,11.0,8.0,.498,16.0,26.7,.217
South Alabama,20,8,12,.400,-1.40,0.82,2,6,5,3,1,8,1387,1360,68.2,99.1,.271,.280,.506,53.8,44.1,7.8,7.3,.474,14.5,28.6,.193
South Carolina,19,8,11,.421,-5.88,2.96,1,5,6,4,2,3,1212,1380,65.4,109.6,.272,.351,.550,50.8,52.6,10.2,10.1,.534,14.1,32.4,.176
South Carolina State,21,3,18,.143,-16.98,-2.78,0,5,2,3,1,15,1561,1792,73.7,114.4,.454,.385,.610,51.2,60.1,9.9,11.1,.580,17.6,32.9,.322
South Carolina Upstate,19,9,10,.474,-9.51,-3.39,4,4,7,1,2,9,1309,1331,69.0,100.9,.437,.369,.525,53.8,45.5,9.8,6.7,.480,18.3,34.6,.310
South Dakota,20,9,11,.450,-9.99,-2.49,4,4,6,4,1,6,1373,1451,66.9,108.4,.293,.381,.547,49.9,48.0,10.5,9.6,.515,13.3,27.7,.215
South Dakota State,20,11,9,.550,-1.59,1.31,6,2,6,1,3,7,1367,1393,69.3,99.9,.231,.403,.530,52.2,48.7,10.5,10.7,.503,16.3,25.6,.169
South Florida,20,9,11,.450,3.23,1.58,2,5,6,7,2,3,1436,1403,69.1,101.4,.387,.391,.534,48.0,52.5,9.0,8.7,.488,17.3,29.0,.288
Southeast Missouri State,21,10,11,.476,-6.44,-3.33,5,3,5,3,4,7,1572,1556,73.6,99.4,.436,.380,.545,50.3,52.0,9.3,7.2,.508,18.1,25.5,.299
Southeastern Louisiana,20,11,9,.550,-7.34,-2.75,5,2,7,2,3,6,1546,1536,70.7,106.6,.333,.461,.569,50.8,58.8,8.0,8.1,.545,17.8,29.5,.228
Southern,20,10,10,.500,-5.13,-2.52,6,1,5,0,4,9,1502,1467,75.2,97.0,.444,.418,.552,53.1,60.7,8.7,9.6,.510,21.6,27.4,.317


Southern California,20,14,6,.700,11.70,6.80,6,3,9,1,3,3,1425,1327,68.6,96.1,.283,.382,.485,50.2,56.5,10.3,7.7,.449,16.2,33.4,.204
Southern Illinois,22,17,5,.773,2.93,-2.02,9,2,10,1,6,3,1476,1335,65.8,91.7,.291,.352,.494,50.5,48.4,10.2,8.6,.471,18.4,26.3,.184
SIU Edwardsville,21,14,7,.667,-2.40,-4.67,5,3,7,3,5,4,1557,1438,69.8,98.1,.318,.370,.512,48.7,47.1,8.9,6.9,.477,17.7,30.6,.225
Southern Indiana,21,12,9,.571,-5.49,-5.22,5,3,8,1,3,8,1614,1514,71.6,100.1,.376,.418,.536,46.0,50.4,9.8,11.1,.493,17.0,25.0,.278
Southern Methodist,20,7,13,.350,0.45,4.35,2,5,4,7,1,5,1373,1451,69.9,102.5,.292,.366,.522,51.7,54.8,9.4,11.6,.491,15.5,31.0,.207
Southern Mississippi,21,17,4,.810,5.94,-2.06,6,2,10,0,5,4,1594,1342,69.0,92.6,.302,.403,.504,46.3,54.1,9.9,6.7,.471,19.8,28.0,.209
Southern Utah,21,14,7,.667,3.22,1.33,6,2,9,1,3,5,1806,1539,74.8,95.6,.289,.372,.526,46.3,45.4,9.3,8.5,.495,18.5,24.1,.206
St. Bonaventure,20,10,10,.500,0.26,-0.39,4,3,9,1,0,7,1341,1328,66.6,99.0,.407,.380,.523,50.2,55.0,7.8,7.3,.480,17.2,29.0,.288
St. Francis (NY),20,9,11,.450,-17.89,-10.45,2,5,7,3,2,8,1305,1378,67.9,101.5,.300,.273,.535,51.5,52.0,9.9,7.7,.508,18.0,32.5,.207
St. John's (NY),20,13,7,.650,9.97,3.82,3,6,9,3,1,4,1555,1432,73.9,96.3,.299,.380,.524,46.9,52.8,10.3,4.5,.494,18.6,26.4,.210
St. Thomas,22,13,9,.591,-3.10,-4.00,4,5,9,0,2,9,1650,1549,66.6,105.7,.289,.366,.556,51.3,47.5,6.4,11.7,.523,15.8,28.3,.219
Stanford,19,7,12,.368,8.30,6.57,2,7,5,4,0,4,1290,1257,66.6,99.4,.284,.392,.545,47.3,52.6,9.5,8.6,.515,18.0,23.7,.207
Stephen F. Austin,20,13,7,.650,1.24,-0.88,5,2,8,2,4,2,1523,1339,70.7,94.1,.404,.386,.539,49.1,60.0,8.6,8.0,.505,23.8,31.5,.277
Stetson,19,11,8,.579,-2.03,-1.44,6,2,5,1,5,6,1459,1371,64.9,108.4,.272,.364,.545,50.0,53.0,7.6,7.2,.517,14.8,31.9,.197
Stonehill,22,9,13,.409,-11.48,-5.29,5,3,3,4,5,8,1485,1568,69.2,103.0,.299,.404,.530,54.5,53.7,10.4,9.2,.502,16.3,30.6,.205
Stony Brook,20,7,13,.350,-11.99,-2.82,3,4,5,4,2,8,1257,1360,64.7,105.0,.238,.452,.526,50.5,55.8,10.6,7.2,.503,12.4,25.4,.165
Syracuse,21,13,8,.619,7.66,2.47,6,4,9,4,3,3,1580,1471,68.3,101.3,.243,.458,.511,50.0,70.0,9.4,6.4,.487,16.4,33.1,.165
Tarleton State,20,10,10,.500,-2.37,2.57,3,4,8,0,0,9,1417,1354,69.0,98.0,.414,.426,.552,51.0,57.0,7.6,8.5,.515,22.3,30.3,.292
TCU,20,16,4,.800,17.81,4.36,5,3,10,2,2,2,1554,1285,71.6,89.7,.277,.332,.483,48.1,54.6,9.4,10.2,.454,20.3,31.4,.186
Temple,21,12,9,.571,5.28,4.28,6,2,6,5,5,2,1441,1420,67.2,99.4,.301,.322,.498,50.1,49.1,10.3,8.6,.465,14.5,30.5,.209


Tennessee,19,16,3,.842,24.64,4.74,6,1,8,1,4,1,1411,1033,67.4,80.1,.343,.421,.443,44.4,47.5,10.6,8.9,.388,21.6,28.4,.254
Tennessee State,21,11,10,.524,-10.23,-8.17,3,5,9,3,1,6,1628,1563,72.3,102.8,.372,.384,.553,49.3,51.5,8.2,7.5,.515,16.9,25.7,.270
Tennessee Tech,21,9,12,.429,-9.28,-3.44,5,3,7,3,2,9,1514,1517,68.5,101.8,.227,.416,.529,51.3,60.0,10.0,9.2,.502,16.5,29.2,.169
Tennessee-Martin,21,13,8,.619,-7.30,-6.13,5,3,10,1,3,7,1723,1552,74.0,98.7,.341,.387,.509,48.0,53.0,8.9,9.8,.475,16.2,28.4,.232
Texas,20,17,3,.850,20.06,6.36,6,2,12,1,3,1,1610,1336,71.0,93.0,.344,.374,.516,48.4,48.1,7.6,9.1,.479,20.5,27.5,.244
Texas A&M,19,13,6,.684,11.35,2.93,5,1,9,1,3,2,1416,1256,68.1,97.1,.378,.458,.518,45.8,59.2,10.7,8.5,.474,18.8,29.1,.273
Texas A&M-Commerce,21,8,13,.381,-10.46,-6.20,5,4,5,2,4,10,1466,1506,67.4,104.5,.379,.381,.557,50.4,51.5,9.6,7.8,.519,16.8,27.0,.277
Texas A&M-Corpus Christi,20,11,9,.550,-4.78,-5.84,4,3,8,1,2,7,1587,1466,73.2,99.5,.374,.440,.556,48.3,60.7,9.0,9.3,.534,20.5,27.6,.241
Texas Southern,21,7,14,.333,-8.91,-0.23,3,5,4,4,2,9,1455,1534,71.9,99.2,.326,.355,.524,49.3,49.2,10.3,7.9,.490,16.9,28.4,.230
Texas State,21,10,11,.476,-2.76,-0.92,3,5,2,7,6,3,1356,1362,65.9,98.4,.397,.340,.536,49.1,49.1,9.0,8.0,.497,18.3,26.2,.281
Texas Tech,19,10,9,.526,13.09,4.40,0,7,8,3,0,4,1428,1263,69.8,94.6,.264,.411,.513,47.2,53.7,10.6,11.2,.484,19.2,28.1,.186
Texas-Rio Grande Valley,20,10,10,.500,-8.34,-1.52,1,6,9,2,1,8,1615,1597,75.8,104.7,.343,.387,.543,47.4,65.5,10.3,9.9,.505,15.2,27.7,.253
The Citadel,20,8,12,.400,-10.84,-2.74,3,5,4,4,3,7,1378,1489,70.0,106.3,.344,.422,.538,53.2,53.5,10.7,10.7,.499,14.4,29.8,.253
Toledo,21,15,6,.714,5.09,-0.92,5,2,8,1,4,3,1790,1655,73.0,108.0,.282,.370,.554,49.6,50.4,8.2,8.5,.521,15.7,31.1,.216
Towson,21,14,7,.667,-0.98,-5.02,6,2,5,2,7,3,1442,1357,64.3,99.3,.269,.417,.522,46.4,55.1,9.0,6.8,.487,16.5,27.7,.203
Troy,21,13,8,.619,3.01,-1.21,5,3,7,2,5,5,1566,1359,70.2,91.6,.369,.355,.513,49.3,47.5,9.0,8.0,.465,21.1,28.8,.275
Tulane,19,12,7,.632,7.10,1.04,5,3,8,2,2,2,1531,1416,73.9,100.2,.276,.416,.534,53.7,62.8,7.2,13.7,.508,17.7,28.4,.192
Tulsa,19,5,14,.263,-5.01,1.73,1,7,4,5,0,7,1317,1445,69.9,107.4,.305,.377,.549,53.8,53.6,11.1,11.2,.515,15.8,33.1,.226
UAB,21,13,8,.619,8.52,0.22,4,5,10,2,1,4,1754,1531,73.1,97.4,.321,.359,.521,45.7,49.5,8.8,9.0,.487,18.2,28.8,.227
UC Davis,20,12,8,.600,0.15,-1.12,5,3,6,3,3,5,1513,1415,71.6,98.3,.320,.299,.530,45.6,43.2,9.5,8.8,.499,18.7,28.0,.223


UC Irvine,19,13,6,.684,6.18,1.12,6,1,6,3,5,3,1468,1274,70.8,94.7,.357,.354,.509,46.1,51.6,8.3,7.3,.468,17.0,24.1,.255
UC Riverside,21,14,7,.667,0.74,0.49,7,2,5,3,6,4,1516,1435,68.0,99.2,.345,.307,.525,45.7,45.3,9.0,8.3,.489,14.9,22.4,.245
UC San Diego,20,7,13,.350,-7.30,0.31,2,6,3,6,4,6,1352,1448,66.5,105.5,.254,.348,.538,52.3,56.7,8.7,9.6,.511,15.3,30.0,.183
UC Santa Barbara,19,16,3,.842,4.57,-4.02,7,1,8,1,6,2,1350,1175,65.9,93.3,.278,.314,.508,45.8,49.0,8.0,6.7,.477,18.3,24.3,.195
UCLA,20,17,3,.850,22.95,7.40,8,1,11,0,5,1,1507,1196,67.7,88.3,.253,.398,.496,47.5,52.6,7.6,6.2,.468,22.0,28.9,.174
UNC Asheville,21,15,6,.714,-3.19,-3.64,7,1,8,0,6,5,1552,1451,70.6,96.2,.265,.339,.498,49.9,46.1,10.7,11.1,.468,16.4,28.6,.186
UNC Greensboro,21,13,8,.619,1.02,-1.14,7,1,7,2,5,4,1488,1342,68.1,93.3,.296,.408,.496,48.3,47.3,8.2,7.1,.462,18.0,26.3,.208
UNC Wilmington,22,16,6,.727,-0.31,-2.56,6,3,7,2,6,4,1525,1384,65.1,96.6,.358,.366,.511,48.0,42.9,8.0,7.1,.474,17.7,28.1,.248
UT Arlington,21,7,14,.333,-6.26,2.08,2,6,4,5,2,6,1391,1400,67.5,98.7,.333,.380,.535,46.9,52.8,8.5,8.1,.504,18.8,28.2,.231
Utah,21,14,7,.667,13.88,2.88,7,3,11,2,3,3,1509,1308,67.4,91.9,.248,.365,.453,46.7,52.2,9.8,9.4,.425,13.6,28.7,.163
Utah State,20,16,4,.800,13.34,5.39,5,2,10,1,2,2,1612,1423,70.3,100.6,.287,.341,.525,46.7,48.9,7.9,7.0,.490,14.6,23.0,.213
Utah Tech,20,10,10,.500,-1.21,1.44,2,5,7,2,2,8,1513,1448,71.4,101.4,.320,.389,.563,46.8,52.8,9.5,9.9,.532,18.8,23.7,.233
Utah Valley,21,16,5,.762,6.58,0.86,7,1,8,1,7,3,1616,1414,70.9,93.3,.268,.340,.468,48.2,48.6,8.4,7.3,.441,15.1,29.8,.174
UTEP,20,11,9,.550,0.07,0.68,4,5,10,3,1,6,1393,1327,69.2,92.5,.354,.382,.521,48.1,44.4,10.8,7.9,.480,22.0,27.6,.257
UTSA,21,7,14,.333,-9.61,-0.24,1,9,7,7,0,7,1431,1575,68.7,107.8,.307,.371,.533,51.6,53.6,10.5,13.2,.503,13.2,32.0,.216
Valparaiso,21,9,12,.429,-8.01,-2.36,3,7,6,4,2,7,1440,1517,69.2,103.1,.311,.358,.540,51.0,49.4,10.3,7.0,.504,14.7,25.0,.230
Vanderbilt,20,10,10,.500,8.08,6.48,3,4,7,5,2,3,1443,1411,67.4,103.4,.311,.368,.523,48.6,50.9,8.5,8.1,.489,14.0,28.2,.223
Vermont,20,10,10,.500,-1.69,-0.48,4,2,5,1,4,6,1375,1360,66.0,101.5,.301,.358,.543,51.6,46.0,8.4,9.7,.515,15.3,22.5,.211
Villanova,20,10,10,.500,8.44,6.14,4,5,6,2,3,5,1414,1368,65.4,103.9,.265,.413,.545,51.1,59.5,9.0,10.1,.513,15.9,26.3,.202
Virginia,18,15,3,.833,15.72,5.67,7,2,9,1,4,2,1266,1085,63.1,95.6,.246,.397,.509,49.4,51.7,7.5,11.5,.476,17.2,26.0,.183


Virginia Commonwealth,20,15,5,.750,7.96,0.61,6,1,11,1,3,3,1429,1282,70.1,91.4,.309,.328,.507,51.0,49.8,11.7,9.0,.472,21.9,31.4,.220
VMI,21,5,16,.238,-14.28,-2.89,0,8,5,4,0,10,1504,1578,68.1,109.6,.283,.487,.566,48.4,59.9,9.3,12.8,.541,14.8,27.6,.202
Virginia Tech,20,12,8,.600,11.40,4.65,2,7,9,2,0,6,1457,1322,66.7,98.5,.242,.358,.504,49.1,46.7,8.3,9.3,.476,14.9,26.8,.173
Wagner,18,11,7,.611,-9.34,-8.72,4,3,6,2,5,5,1169,1115,64.7,95.1,.537,.358,.533,46.8,53.8,8.7,11.2,.478,19.6,23.6,.382
Wake Forest,20,14,6,.700,9.10,4.05,6,3,10,1,3,3,1547,1446,70.0,102.0,.287,.443,.541,49.2,48.9,9.6,10.0,.512,16.7,25.9,.205
Washington,21,12,9,.571,7.30,7.02,4,6,9,4,1,5,1467,1461,69.3,99.3,.256,.370,.500,52.1,58.6,9.8,11.1,.472,15.7,33.9,.176
Washington State,21,9,12,.429,10.91,8.01,4,6,6,2,2,6,1429,1368,64.3,100.7,.308,.311,.523,47.7,47.6,9.3,7.3,.497,14.9,27.2,.205
Weber State,20,10,10,.500,-3.07,-0.35,5,2,6,2,3,6,1323,1332,67.0,99.4,.317,.397,.543,50.2,58.6,9.1,9.9,.515,17.4,22.4,.221
West Virginia,19,11,8,.579,15.31,7.47,1,6,8,3,1,4,1463,1314,70.0,98.2,.415,.352,.541,47.4,50.4,8.8,6.4,.498,19.6,28.1,.299
Western Carolina,21,11,10,.524,-6.61,-3.99,4,4,6,3,3,7,1577,1446,69.1,98.5,.321,.274,.518,47.3,42.7,8.7,10.7,.483,15.2,23.8,.229
Western Illinois,20,12,8,.600,-5.75,-4.05,5,4,9,2,3,6,1500,1432,70.5,101.5,.262,.321,.528,49.6,36.2,7.8,7.6,.500,15.6,26.4,.189
Western Kentucky,20,11,9,.550,-0.99,-0.99,3,6,5,4,4,4,1468,1384,68.7,100.1,.254,.421,.513,52.3,50.0,7.5,6.9,.484,16.4,31.0,.183
Western Michigan,20,6,14,.300,-7.72,0.16,2,5,5,3,1,10,1429,1462,66.9,109.3,.295,.403,.557,44.6,54.2,9.3,8.1,.533,12.9,24.0,.204
Wichita State,19,10,9,.526,4.25,1.98,3,4,6,4,3,3,1260,1217,66.9,95.1,.245,.392,.479,50.5,55.8,9.5,8.7,.446,15.3,30.8,.176
William & Mary,21,8,13,.381,-8.55,-0.34,3,5,7,4,1,9,1437,1483,66.5,106.2,.275,.388,.548,48.7,51.4,9.5,14.8,.525,15.0,28.1,.191
Winthrop,21,8,13,.381,-8.36,-2.10,3,5,6,3,1,9,1508,1558,68.5,108.3,.281,.370,.546,52.5,51.8,12.0,15.1,.531,16.0,34.8,.176
Wisconsin,18,12,6,.667,10.63,7.13,4,4,7,2,2,3,1195,1132,63.8,96.5,.268,.364,.519,52.7,43.5,7.3,10.3,.492,17.0,24.6,.186
Wofford,21,11,10,.524,-3.96,-2.96,3,5,9,3,2,7,1557,1450,67.3,102.6,.218,.412,.546,47.0,45.2,8.3,9.7,.523,15.6,24.6,.159
Wright State,21,11,10,.524,-3.51,-4.62,4,6,4,6,5,3,1670,1554,72.6,100.2,.259,.385,.541,47.8,41.5,10.6,5.6,.516,17.2,25.0,.182
Wyoming,20,6,14,.300,1.34,5.02,1,7,5,5,0,4,1402,1439,66.7,107.1,.246,.405,.565,50.8,47.8,8.6,11.2,.535,15.2,24.2,.191


Xavier,20,16,4,.800,16.12,7.37,8,1,11,1,4,1,1682,1507,74.3,101.4,.270,.341,.533,45.3,54.7,10.7,8.7,.508,15.4,24.9,.187
Yale,19,13,6,.684,5.58,-2.89,3,3,7,1,4,5,1423,1167,67.5,90.5,.311,.386,.489,44.4,51.2,8.6,6.8,.457,16.9,22.4,.209
Youngstown State,21,15,6,.714,2.41,-5.91,7,3,7,2,7,4,1774,1536,70.6,102.4,.234,.338,.545,47.0,50.2,7.8,5.7,.526,17.2,28.2,.159
